Phylum;Class;Order;Family;Species;Known;Abbreviation;Total number of reads;# Spiders before cutoff;# Spiders after cutoff;Size from literature;TaxoSize;Type;Min;Max;Size reference
Animals;Insecta;Diptera;Muscidae;Phaonia pallida;yes;pha.pal;2985373;359;357;Spec length: 5,5-7,5mm;species;body;5,5;7,5;D'Assis Fonseca, E. C. M. (1968) Diptera - Cylorrhapha Calyptrata, section (b) Muscidae, Handbooks for the Identification of British Insects Vol. 10 Part IV (a) Royal Entomological Society of London, London, UK.
Animals;Insecta;Diptera;Fanniidae;Fannia sociella;yes;fan.soc;407683;303;303;Fam length: 2-5mm;family;body;2;5;Oosterbroek, P., de Jong, H. & Sijstermans, L. (2005) De Europese families van muggen en vliegen (Diptera). KNNV Uitgeverij, Utrecht.
Animals;Insecta;Diptera;Muscidae;Helina impuncta;yes;hel.imp;334983;55;55;Spec length: 6,5-8,25mm;species;body;6,5;8,25;D'Assis Fonseca, E. C. M. (1968) Diptera - Cylorrhapha Calyptrata, section (b) Muscidae, Handbooks for the Identification of British Insects Vol. 10 Part IV (a) Royal Entomological Society of London, London, UK.
Animals;Insecta;Diptera;Anthomyiidae;Delia platura;yes;del.pla;334674;50;50;Fam length: 4-12mm;family;body;4;12;Oosterbroek, P., de Jong, H. & Sijstermans, L. (2005) De Europese families van muggen en vliegen (Diptera). KNNV Uitgeverij, Utrecht.
Animals;Insecta;Lepidoptera;Erebidae;Hypena proboscidalis;yes;hyp.pro;305927;44;44;Spec vvl: 15-19mm;species;forewing;15;19;Waring, P. & Townsend, M. (2015) Nachtvlinders: de nieuwe veldgids voor Nederland en België. Kosmos Uitgevers, Utrecht/Antwerpen.
Animals;Insecta;Diptera;Fanniidae;Fannia aequilineata;yes;fan.aeq;274778;84;84;Fam length: 2-5mm;family;body;2;5;Oosterbroek, P., de Jong, H. & Sijstermans, L. (2005) De Europese families van muggen en vliegen (Diptera). KNNV Uitgeverij, Utrecht.
Animals;Insecta;Diptera;Anisopodidae;Sylvicola cinctus;yes;syl.cin;58986;254;73;Fam length: 4-12mm;family;body;4;12;Oosterbroek, P., de Jong, H. & Sijstermans, L. (2005) De Europese families van muggen en vliegen (Diptera). KNNV Uitgeverij, Utrecht.
Animals;Insecta;Diptera;Heleomyzidae;Suillia bicolor;yes;sui.bic;33298;168;30;Fam length: 1,2-12mm;family;body;1,2;12;Oosterbroek, P., de Jong, H. & Sijstermans, L. (2005) De Europese families van muggen en vliegen (Diptera). KNNV Uitgeverij, Utrecht.
Animals;Insecta;Diptera;Phoridae;Megaselia longicostalis;yes;meg.lon;28675;82;44;Fam length: 0,5-6mm;family;body;0,5;6;Oosterbroek, P., de Jong, H. & Sijstermans, L. (2005) De Europese families van muggen en vliegen (Diptera). KNNV Uitgeverij, Utrecht.
Animals;Insecta;Coleoptera;Carabidae;Agonum marginatum;yes;ago.mar;28664;152;34;Spec length: 8,5-10,5mm;species;body;8,5;10,5;Boeken, M., Desender, K., Drost, B., van Gijzen, T., Koese, B., Muilwijk, J., Turin, H. & Vermeulen, R. J. (2002) De loopkevers van Nederland & Vlaanderen (Coleoptera: Carabidae). Stichting Jeugdbondsuitgeverij, Utrecht.
Animals;Insecta;Diptera;Cecidomyiidae;Ozirhincus sp. BOLD:ACI8202;no;ozi.ACI8202;28595;86;47;Fam length: 0,5-3mm;family;body;0,5;3;Oosterbroek, P., de Jong, H. & Sijstermans, L. (2005) De Europese families van muggen en vliegen (Diptera). KNNV Uitgeverij, Utrecht.
Animals;Insecta;Diptera;Anthomyiidae;Hydrophoria ruralis;yes;hyd.rur;28404;94;27;Fam length: 4-12mm;family;body;4;12;Oosterbroek, P., de Jong, H. & Sijstermans, L. (2005) De Europese families van muggen en vliegen (Diptera). KNNV Uitgeverij, Utrecht.
Animals;Insecta;Lepidoptera;Nolidae;Pseudoips prasinana;yes;pse.pra;28007;25;23;Spec vvl: 16-19mm;species;forewing;16;19;Waring, P. & Townsend, M. (2015) Nachtvlinders: de nieuwe veldgids voor Nederland en België. Kosmos Uitgevers, Utrecht/Antwerpen.
Animals;Insecta;Diptera;Muscidae;Coenosia tigrina;yes;coe.tig;27785;92;39;Genus length: 2-6,5mm;genus;body;2;6,5;D'Assis Fonseca, E. C. M. (1968) Diptera - Cylorrhapha Calyptrata, section (b) Muscidae, Handbooks for the Identification of British Insects Vol. 10 Part IV (a) Royal Entomological Society of London, London, UK.
Animals;Insecta;Diptera;Phoridae;Megaselia sp. BOLD:AAG3266;no;meg.AAG3266;27024;141;57;Fam length: 0,5-6mm;family;body;0,5;6;Oosterbroek, P., de Jong, H. & Sijstermans, L. (2005) De Europese families van muggen en vliegen (Diptera). KNNV Uitgeverij, Utrecht.
Animals;Insecta;Lepidoptera;Noctuidae;Phlogophora meticulosa;yes;phl.met;26729;42;42;Spec vvl: 21-25mm;species;forewing;21;25;Waring, P. & Townsend, M. (2015) Nachtvlinders: de nieuwe veldgids voor Nederland en België. Kosmos Uitgevers, Utrecht/Antwerpen.
Animals;Insecta;Coleoptera;Curculionidae;Platypus cylindrus;yes;pla.cyl;26171;107;37;Spec length: 5-5,5mm;species;body;5;5,5;Duffy, E. A. J. (1953) Coleoptera Scolytidae and Platypodidae, Handbooks for the Identification of British Insects Vol. 5 Part XV. Royal Entomological Society of London, London, UK.
Animals;Insecta;Diptera;Anthomyiidae;Delia florilega;yes;del.flo;26163;15;15;Fam length: 4-12mm;family;body;4;12;Oosterbroek, P., de Jong, H. & Sijstermans, L. (2005) De Europese families van muggen en vliegen (Diptera). KNNV Uitgeverij, Utrecht.
Animals;Insecta;Hymenoptera;Ichneumonidae;Diadegma sp. BOLD:ACR3912;no;dia.ACR3912;24921;109;19;NA;NA;NA;NA;NA;Not found
Animals;Insecta;Hymenoptera;Proctotrupidae;Proctotrupes bistriatus;yes;pro.bis;24019;83;20;NA;NA;NA;NA;NA;Not found
Animals;Insecta;Diptera;Muscidae;Hebecnema nigra;yes;heb.nig;23339;172;33;Genus length: 3,5-6,75mm;genus;body;3,5;6,75;D'Assis Fonseca, E. C. M. (1968) Diptera - Cylorrhapha Calyptrata, section (b) Muscidae, Handbooks for the Identification of British Insects Vol. 10 Part IV (a) Royal Entomological Society of London, London, UK.
Animals;Insecta;Diptera;Phoridae;Megaselia sp. BOLD:ACM7454;no;meg.ACM7454;23234;23;23;Fam length: 0,5-6mm;family;body;0,5;6;Oosterbroek, P., de Jong, H. & Sijstermans, L. (2005) De Europese families van muggen en vliegen (Diptera). KNNV Uitgeverij, Utrecht.
Animals;Insecta;Lepidoptera;Pieridae;Colias thisoa;yes;col.thi;23132;140;123;Genus vvl 20-28mm;genus;forewing;20;28;Higgins, L. G. & Riley, N. D. (1980) Field Guide to the Butterflies of Britain and Europe. 4th edn, Collins, London
Animals;Insecta;Diptera;Fanniidae;Fannia pallitibia;yes;fan.pal;22369;135;77;Fam length: 2-5mm;family;body;2;5;Oosterbroek, P., de Jong, H. & Sijstermans, L. (2005) De Europese families van muggen en vliegen (Diptera). KNNV Uitgeverij, Utrecht.
Animals;Insecta;Psocodea;Caeciliusidae;Valenzuela flavidus;yes;val.fla;22243;139;95;NA;NA;NA;NA;NA;Not found
Animals;Insecta;Diptera;Drosophilidae;Drosophila immigrans;yes;dro.imm;21194;38;31;Fam length: 1,5-7mm;family;body;1,5;7;Oosterbroek, P., de Jong, H. & Sijstermans, L. (2005) De Europese families van muggen en vliegen (Diptera). KNNV Uitgeverij, Utrecht.
Animals;Insecta;Diptera;Lonchopteridae;Lonchoptera strobli;yes;lon.str;21115;62;50;Fam length: 2-5mm;family;body;2;5;Oosterbroek, P., de Jong, H. & Sijstermans, L. (2005) De Europese families van muggen en vliegen (Diptera). KNNV Uitgeverij, Utrecht.
Animals;Insecta;Diptera;Cecidomyiidae;Ozirhincus sp. BOLD:ACJ5222;no;ozi.ACJ5222;20763;56;9;Fam length: 0,5-3mm;family;body;0,5;3;Oosterbroek, P., de Jong, H. & Sijstermans, L. (2005) De Europese families van muggen en vliegen (Diptera). KNNV Uitgeverij, Utrecht.
Animals;Insecta;Diptera;Anthomyiidae;Mycophaga testacea;yes;myc.tes;20729;45;38;Fam length: 4-12mm;family;body;4;12;Oosterbroek, P., de Jong, H. & Sijstermans, L. (2005) De Europese families van muggen en vliegen (Diptera). KNNV Uitgeverij, Utrecht.
Animals;Insecta;Diptera;Cecidomyiidae;CecidInt20 sp. BOLD:ACB0632;no;cec.ACB0632;19714;85;21;Fam length: 0,5-3mm;family;body;0,5;3;Oosterbroek, P., de Jong, H. & Sijstermans, L. (2005) De Europese families van muggen en vliegen (Diptera). KNNV Uitgeverij, Utrecht.
Animals;Insecta;Diptera;Culicidae;Culiseta annulata;yes;cul.ann;19350;85;62;Fam length: 3-9mm;family;body;3;9;Oosterbroek, P., de Jong, H. & Sijstermans, L. (2005) De Europese families van muggen en vliegen (Diptera). KNNV Uitgeverij, Utrecht.
Animals;Insecta;Diptera;Fanniidae;Fannia canicularis;yes;fan.can;19263;104;43;Fam length: 2-5mm;family;body;2;5;Oosterbroek, P., de Jong, H. & Sijstermans, L. (2005) De Europese families van muggen en vliegen (Diptera). KNNV Uitgeverij, Utrecht.
Animals;Insecta;Diptera;Anthomyiidae;Hydrophoria silvicola;yes;hyd.sil;18826;46;22;Fam length: 4-12mm;family;body;4;12;Oosterbroek, P., de Jong, H. & Sijstermans, L. (2005) De Europese families van muggen en vliegen (Diptera). KNNV Uitgeverij, Utrecht.
Animals;Insecta;Diptera;Muscidae;Morellia simplex;yes;mor.sim;18754;37;16;Spec length: 6-8mm;species;body;6;8;D'Assis Fonseca, E. C. M. (1968) Diptera - Cylorrhapha Calyptrata, section (b) Muscidae, Handbooks for the Identification of British Insects Vol. 10 Part IV (a) Royal Entomological Society of London, London, UK.
Animals;Insecta;Lepidoptera;Geometridae;Dysstroma truncata;yes;dys.tru;18737;31;19;Spec vvl: 14-19mm;species;forewing;14;19;Waring, P. & Townsend, M. (2015) Nachtvlinders: de nieuwe veldgids voor Nederland en België. Kosmos Uitgevers, Utrecht/Antwerpen.
Animals;Insecta;Diptera;Muscidae;Phaonia incana;yes;phe.inc;18194;17;17;Spec length: 7,5-9mm;species;body;7,5;9;D'Assis Fonseca, E. C. M. (1968) Diptera - Cylorrhapha Calyptrata, section (b) Muscidae, Handbooks for the Identification of British Insects Vol. 10 Part IV (a) Royal Entomological Society of London, London, UK.
Animals;Insecta;Diptera;Pallopteridae;Palloptera muliebris;yes;pal.mul;17879;11;11;Fam length: 2,5-7mm;family;body;2,5;7;Oosterbroek, P., de Jong, H. & Sijstermans, L. (2005) De Europese families van muggen en vliegen (Diptera). KNNV Uitgeverij, Utrecht.
Animals;Arachnida;Araneae;Linyphiidae;Erigone psychrophila;yes;eri.psy;17862;45;36;Spec length 2-3,1mm;species;body;2;3,1;Roberts, M.J. (1985) The Spiders of Great Britain and Ireland, Vol. II. Harley Books, Colchester, UK.
Animals;Insecta;Lepidoptera;Yponomeutidae;Yponomeuta cagnagella;yes;ypo.cag;17221;42;20;Spec vvl: 9,5-13mm;species;forewing;9,5;13;Stirling, P., Parsons, M. & Lewington, R. ( 2012) Field guide to the Micro-Moths of Great Britain and Ireland. Britsh Wildlife Publishing, Gillingham.
Animals;Insecta;Diptera;Phoridae;Dohrniphora cornuta;yes;doh.cor;16912;38;20;Fam length: 0,5-6mm;family;body;0,5;6;Oosterbroek, P., de Jong, H. & Sijstermans, L. (2005) De Europese families van muggen en vliegen (Diptera). KNNV Uitgeverij, Utrecht.
Animals;Insecta;Hymenoptera;Vespidae;Vespula vulgaris;yes;ves.vul;16559;101;64;Spec Length: 11-19mm;species;body;11;19;Hensen, R. (1985) De plooivleugelwespen. Jeugdbondsuitgeverij, Utrecht.
Animals;Insecta;Diptera;Tipulidae;Tipula subprotrusa;yes;tip.sub;16400;234;37;Fam length: 7-35mm;family;body;7;35;Oosterbroek, P., de Jong, H. & Sijstermans, L. (2005) De Europese families van muggen en vliegen (Diptera). KNNV Uitgeverij, Utrecht.
Animals;Insecta;Diptera;Phoridae;Megaselia sp. BOLD:ACC5871;no;meg.ACC5871;16021;79;38;Fam length: 0,5-6mm;family;body;0,5;6;Oosterbroek, P., de Jong, H. & Sijstermans, L. (2005) De Europese families van muggen en vliegen (Diptera). KNNV Uitgeverij, Utrecht.
Animals;Insecta;Hymenoptera;Ichneumonidae;Ichneumonidae sp. BOLD:ACD0513;no;ich.ACD0513;15208;56;21;NA;NA;NA;NA;NA;Not found
Animals;Insecta;Diptera;Limoniidae;Gnophomyia viridipennis;yes;gno.vir;14486;153;23;Fam length: 2-11mm;family;body;2;11;Oosterbroek, P., de Jong, H. & Sijstermans, L. (2005) De Europese families van muggen en vliegen (Diptera). KNNV Uitgeverij, Utrecht.
Animals;Insecta;Diptera;Drosophilidae;Drosophila melanogaster;yes;dro.mel;14296;54;11;Fam length: 1,5-7mm;family;body;1,5;7;Oosterbroek, P., de Jong, H. & Sijstermans, L. (2005) De Europese families van muggen en vliegen (Diptera). KNNV Uitgeverij, Utrecht.
Animals;Insecta;Diptera;Drosophilidae;Scaptomyza graminum;yes;sca.gra;14055;19;19;Fam length: 1,5-7mm;family;body;1,5;7;Oosterbroek, P., de Jong, H. & Sijstermans, L. (2005) De Europese families van muggen en vliegen (Diptera). KNNV Uitgeverij, Utrecht.
Animals;Insecta;Diptera;Phoridae;Phoridae sp. BOLD:ACP4899;no;pho.ACP4899;14047;137;41;Fam length: 0,5-6mm;family;body;0,5;6;Oosterbroek, P., de Jong, H. & Sijstermans, L. (2005) De Europese families van muggen en vliegen (Diptera). KNNV Uitgeverij, Utrecht.
Animals;Insecta;Diptera;Muscidae;Phaonia trimaculata;yes;pha.tri;13775;59;12;Spec length: 5-8mm;species;body;5;8;D'Assis Fonseca, E. C. M. (1968) Diptera - Cylorrhapha Calyptrata, section (b) Muscidae, Handbooks for the Identification of British Insects Vol. 10 Part IV (a) Royal Entomological Society of London, London, UK.
Animals;Insecta;Diptera;Muscidae;Helina depuncta;yes;hel.dep;13526;165;24;Spec length: 6-8,5mm;species;body;6;8,5;D'Assis Fonseca, E. C. M. (1968) Diptera - Cylorrhapha Calyptrata, section (b) Muscidae, Handbooks for the Identification of British Insects Vol. 10 Part IV (a) Royal Entomological Society of London, London, UK.
Animals;Insecta;Diptera;Tabanidae;Haematopota italica;yes;hae.ita;13471;131;22;Genus Larval Length: 13-20mm;genus;larval;13;20;Zeegers, T & van Haaren, T. (2000) Dazen en Dazenlarven. KNNV uitgeverij, Utrecht.
Animals;Insecta;Lepidoptera;Noctuidae;Noctua comes;yes;noc.com;12720;88;16;Spec vvl: 16-21mm;species;forewing;16;21;Waring, P. & Townsend, M. (2015) Nachtvlinders: de nieuwe veldgids voor Nederland en België. Kosmos Uitgevers, Utrecht/Antwerpen.
Animals;Insecta;Diptera;Pallopteridae;Palloptera ustulata;yes;pal.ust;12694;93;14;Fam length: 2,5-7mm;family;body;2,5;7;Oosterbroek, P., de Jong, H. & Sijstermans, L. (2005) De Europese families van muggen en vliegen (Diptera). KNNV Uitgeverij, Utrecht.
Animals;Insecta;Diptera;Anthomyiidae;Pegomya bicolor;yes;peg.bic;12534;36;13;Fam length: 4-12mm;family;body;4;12;Oosterbroek, P., de Jong, H. & Sijstermans, L. (2005) De Europese families van muggen en vliegen (Diptera). KNNV Uitgeverij, Utrecht.
Animals;Insecta;Diptera;Lonchopteridae;Lonchoptera lutea;yes;lon.lut;12430;61;38;Fam length: 2-5mm;family;body;2;5;Oosterbroek, P., de Jong, H. & Sijstermans, L. (2005) De Europese families van muggen en vliegen (Diptera). KNNV Uitgeverij, Utrecht.
Animals;Insecta;Diptera;Fanniidae;Fannia polychaeta;yes;fan.pol;12296;158;36;Fam length: 2-5mm;family;body;2;5;Oosterbroek, P., de Jong, H. & Sijstermans, L. (2005) De Europese families van muggen en vliegen (Diptera). KNNV Uitgeverij, Utrecht.
Animals;Insecta;Diptera;Anthomyiidae;Anthomyia procellaris;yes;ant.pro;12071;146;20;Fam length: 4-12mm;family;body;4;12;Oosterbroek, P., de Jong, H. & Sijstermans, L. (2005) De Europese families van muggen en vliegen (Diptera). KNNV Uitgeverij, Utrecht.
Animals;Insecta;Diptera;NA;Diptera sp. BOLD:ACR2532;no;dip.ACR2532;11825;75;28;NA;NA;NA;NA;NA;Impossible
Animals;Insecta;Diptera;Tipulidae;Tipula paludosa;yes;tip.pal;11763;125;68;Fam length: 7-35mm;family;body;7;35;Oosterbroek, P., de Jong, H. & Sijstermans, L. (2005) De Europese families van muggen en vliegen (Diptera). KNNV Uitgeverij, Utrecht.
Animals;Insecta;Lepidoptera;Geometridae;Xanthorhoe designata;yes;xan.des;11612;12;8;Spec vvl: 11-14mm;species;forewing;11;14;Waring, P. & Townsend, M. (2015) Nachtvlinders: de nieuwe veldgids voor Nederland en België. Kosmos Uitgevers, Utrecht/Antwerpen.
Animals;Insecta;Diptera;Tachinidae;Nowickia sp. BOLD:ABZ6158;no;now.ABZ6158;10753;96;40;Genus length: 11-15mm;genus;body;11;15;Zeegers, T. (1992) Tabel voor de grotere sluipvliegen en horzels van Nederland. Jeugdbondsuitgeverij, Utrecht.
Animals;Insecta;Diptera;Muscidae;Helina sp. BOLD:ADA7391;no;hel.ACXA7391;254;11;1;Genus length: 4,75-9,5mm;genus;body;4,75;9,5;D'Assis Fonseca, E. C. M. (1968) Diptera - Cylorrhapha Calyptrata, section (b) Muscidae, Handbooks for the Identification of British Insects Vol. 10 Part IV (a) Royal Entomological Society of London, London, UK.
Animals;Insecta;Diptera;Muscidae;Helina spinicosta;yes;hel.spi;238;57;7;Genus length: 4,75-9,5mm;genus;body;4,75;9,5;D'Assis Fonseca, E. C. M. (1968) Diptera - Cylorrhapha Calyptrata, section (b) Muscidae, Handbooks for the Identification of British Insects Vol. 10 Part IV (a) Royal Entomological Society of London, London, UK.
Animals;Insecta;Coleoptera;Staphylinidae;Lordithon thoracicus;yes;lor.tho;145;8;2;Spec length: 2,5-4,5mm;species;body;2,5;4,5;Freude, H., Harde, K. W. & Lohse, G. A. (1964) Die Käfer Mitteleuropas, Bd. 4: Staphylinidae I (Micropeplinae bis Tachyporinae). Goecke & Evers Verlag, Krefeld.
Animals;Insecta;Diptera;Anthomyiidae;Pegomya notabilis;yes;peg.not;123;6;3;Fam length: 4-12mm;family;body;4;12;Oosterbroek, P., de Jong, H. & Sijstermans, L. (2005) De Europese families van muggen en vliegen (Diptera). KNNV Uitgeverij, Utrecht.
Animals;Insecta;Diptera;Drosophilidae;Hirtodrosophila cameraria;yes;hir.cam;111;5;1;Fam length: 1,5-7mm;family;body;1,5;7;Oosterbroek, P., de Jong, H. & Sijstermans, L. (2005) De Europese families van muggen en vliegen (Diptera). KNNV Uitgeverij, Utrecht.
Animals;Insecta;Diptera;Muscidae;Phaonia canescens;yes;pha.can;97;7;3;Spec length: 7-8mm;species;body;7;8;D'Assis Fonseca, E. C. M. (1968) Diptera - Cylorrhapha Calyptrata, section (b) Muscidae, Handbooks for the Identification of British Insects Vol. 10 Part IV (a) Royal Entomological Society of London, London, UK.
Animals;Insecta;Diptera;Anthomyiidae;Pegomya flavifrons;yes;peg.fla;93;4;1;Fam length: 4-12mm;family;body;4;12;Oosterbroek, P., de Jong, H. & Sijstermans, L. (2005) De Europese families van muggen en vliegen (Diptera). KNNV Uitgeverij, Utrecht.
Animals;Insecta;Diptera;Psychodidae;Clogmia albipunctata;yes;clo.alb;91;12;3;Fam length: 2-6mm;family;body;2;6;Oosterbroek, P., de Jong, H. & Sijstermans, L. (2005) De Europese families van muggen en vliegen (Diptera). KNNV Uitgeverij, Utrecht.
Animals;Insecta;Diptera;Chironomidae;Smittia sp. 14ES;no;smi.14ES;79;5;3;Fam length: 1-10mm;family;body;1;10;Oosterbroek, P., de Jong, H. & Sijstermans, L. (2005) De Europese families van muggen en vliegen (Diptera). KNNV Uitgeverij, Utrecht.
Animals;Insecta;Coleoptera;Carabidae;Stenolophus teutonus;yes;ste.teu;77;5;3;Spec length: 5,5-7mm;species;body;5,5;7;Boeken, M., Desender, K., Drost, B., van Gijzen, T., Koese, B., Muilwijk, J., Turin, H. & Vermeulen, R. J. (2002) De loopkevers van Nederland & Vlaanderen (Coleoptera: Carabidae). Stichting Jeugdbondsuitgeverij, Utrecht.
Animals;Insecta;Diptera;Cecidomyiidae;Cecidomyiidae sp. BOLD:ACY4708;no;cec.ACY4708;77;6;2;Fam length: 0,5-3mm;family;body;0,5;3;Oosterbroek, P., de Jong, H. & Sijstermans, L. (2005) De Europese families van muggen en vliegen (Diptera). KNNV Uitgeverij, Utrecht.
Animals;Arachnida;Araneae;Anyphaenidae;Anyphaena accentuata;yes;any.acc;76;5;2;Spec length F: 4,5-7,5mm, M:4-6,5mm;species;body;4;7,5;Roberts, M.J. (1985) The Spiders of Great Britain and Ireland, Vol. I. Harley Books, Colchester, UK.
Animals;Insecta;Diptera;Phoridae;Phoridae sp.BOLD:ACT9082;no;pho.ACT9082;72;4;1;Fam length: 0,5-6mm;family;body;0,5;6;Oosterbroek, P., de Jong, H. & Sijstermans, L. (2005) De Europese families van muggen en vliegen (Diptera). KNNV Uitgeverij, Utrecht.
Animals;Insecta;Diptera;Sciaridae;Scatopsciara brevicornis;yes;sca.bre;72;3;1;Fam length: 1-6mm;family;body;1;6;Oosterbroek, P., de Jong, H. & Sijstermans, L. (2005) De Europese families van muggen en vliegen (Diptera). KNNV Uitgeverij, Utrecht.
Animals;Insecta;Diptera;Cecidomyiidae;Cecidomyiidae sp. BOLD:AAH3774;no;cec.AAH3774;70;3;1;Fam length: 0,5-3mm;family;body;0,5;3;Oosterbroek, P., de Jong, H. & Sijstermans, L. (2005) De Europese families van muggen en vliegen (Diptera). KNNV Uitgeverij, Utrecht.
Animals;Insecta;Diptera;Keroplatidae;Neoplatyura modesta;yes;neo.mod;70;15;1;Fam length: 4-15mm;family;body;4;15;Oosterbroek, P., de Jong, H. & Sijstermans, L. (2005) De Europese families van muggen en vliegen (Diptera). KNNV Uitgeverij, Utrecht.
Animals;Insecta;Diptera;Muscidae;Thricops simplex;yes;thr.sim;70;2;1;Genus length: 4-8,5mm;genus;body;4;8,5;D'Assis Fonseca, E. C. M. (1968) Diptera - Cylorrhapha Calyptrata, section (b) Muscidae, Handbooks for the Identification of British Insects Vol. 10 Part IV (a) Royal Entomological Society of London, London, UK.
Animals;Insecta;Diptera;Phoridae;Megaselia hirticrus;yes;meg.hir;70;3;1;Fam length: 0,5-6mm;family;body;0,5;6;Oosterbroek, P., de Jong, H. & Sijstermans, L. (2005) De Europese families van muggen en vliegen (Diptera). KNNV Uitgeverij, Utrecht.
Animals;Arachnida;Araneae;Lycosidae;Pardosa glacialis;yes;par.gla;68;3;2;Fam length: 3,5-9;family;body;3,5;9;Roberts, M.J. (1985) The Spiders of Great Britain and Ireland, Vol. I. Harley Books, Colchester, UK.
Animals;Insecta;Diptera;Muscidae;Hebecnema fumosa;yes;heb.fum;68;10;3;Spec length: 5,5-6,75mm;species;body;5,5;6,75;D'Assis Fonseca, E. C. M. (1968) Diptera - Cylorrhapha Calyptrata, section (b) Muscidae, Handbooks for the Identification of British Insects Vol. 10 Part IV (a) Royal Entomological Society of London, London, UK.
Animals;Insecta;Diptera;Muscidae;Hydrotaea armipes;yes;hyd.arm;68;7;2;Spec length: 3,75-5,5mm;species;body;3,75;5,5;D'Assis Fonseca, E. C. M. (1968) Diptera - Cylorrhapha Calyptrata, section (b) Muscidae, Handbooks for the Identification of British Insects Vol. 10 Part IV (a) Royal Entomological Society of London, London, UK.
Animals;Insecta;Diptera;Phoridae;Megaselia frameata;yes;meg.fra;68;9;3;Fam length: 0,5-6mm;family;body;0,5;6;Oosterbroek, P., de Jong, H. & Sijstermans, L. (2005) De Europese families van muggen en vliegen (Diptera). KNNV Uitgeverij, Utrecht.
Animals;Insecta;Diptera;Muscidae;Mydaea electa;yes;myd.ele;66;5;2;Spec length: 6,25-8mm;species;body;6,25;8;D'Assis Fonseca, E. C. M. (1968) Diptera - Cylorrhapha Calyptrata, section (b) Muscidae, Handbooks for the Identification of British Insects Vol. 10 Part IV (a) Royal Entomological Society of London, London, UK.
Animals;Insecta;Diptera;Heleomyzidae;Heteromyza oculata;yes;het.ocu;65;2;1;Fam length: 1,2-12mm;family;body;1,2;12;Oosterbroek, P., de Jong, H. & Sijstermans, L. (2005) De Europese families van muggen en vliegen (Diptera). KNNV Uitgeverij, Utrecht.
Animals;Insecta;Diptera;Hybotidae;Hybos culiciformis;yes;hyb.cul;65;2;1;Spec length: 3,5-5mm;species;body;3,5;5;van der Groot, V. S. (1990) Dansvliegen: determineertabel voor de wat grotere soorten van het geslacht EMPIS in de Benelux. Jeugdbondsuitgeverij, Utrecht.
Animals;Insecta;Diptera;Muscidae;Coenosia testacea;yes;coe.tes;64;6;3;Genus length: 2-6,5mm;genus;body;2;6,5;D'Assis Fonseca, E. C. M. (1968) Diptera - Cylorrhapha Calyptrata, section (b) Muscidae, Handbooks for the Identification of British Insects Vol. 10 Part IV (a) Royal Entomological Society of London, London, UK.
Animals;Insecta;Diptera;Muscidae;Phaonia sp. BOLD:ACR2310;no;pha.ACR2310;64;1;1;Genus length: 4,75-12mm;genus;body;4,75;12;D'Assis Fonseca, E. C. M. (1968) Diptera - Cylorrhapha Calyptrata, section (b) Muscidae, Handbooks for the Identification of British Insects Vol. 10 Part IV (a) Royal Entomological Society of London, London, UK.
Animals;Insecta;Coleoptera;Carabidae;Loricera pilicornis;yes;lor.pil;63;6;2;Spec length: 6-8,5mm;species;body;6;8,5;Boeken, M., Desender, K., Drost, B., van Gijzen, T., Koese, B., Muilwijk, J., Turin, H. & Vermeulen, R. J. (2002) De loopkevers van Nederland & Vlaanderen (Coleoptera: Carabidae). Stichting Jeugdbondsuitgeverij, Utrecht.
Animals;Insecta;Diptera;Phoridae;Phoridae sp. BOLD:ABA6994;no;pho.ABA6994;63;5;1;Fam length: 0,5-6mm;family;body;0,5;6;Oosterbroek, P., de Jong, H. & Sijstermans, L. (2005) De Europese families van muggen en vliegen (Diptera). KNNV Uitgeverij, Utrecht.
Animals;Insecta;Coleoptera;Staphylinidae;Atheta sp. BOLD:ACQ9400;no;ath.ACQ9400;62;6;1;Genus length: 1-5mm;genus;body;1;5;Freude, H., Harde, K. W. & Lohse, G. A. (1974) Die Käfer Mitteleuropas, Bd. 5: Staphylinidae II (Hypocyphlinae und Aleocharinae), Pselaphidae. Goecke & Evers Verlag, Krefeld.
Animals;Insecta;Hemiptera;Aphidoidae;Drepanosiphum platanoidis;yes;dre.pla;62;10;1;Spec length: 3,2-4,3mm;species;body;3,2;4,3;Stroyan, H. L. G. (1977) Homoptera – Aphidoidea (Part) – Chaitophoridae & Callaphididae, Handbooks for the Identification of British Insects Vol. 2 Part IV (a). Royal Entomological Society of London, London, UK.
Animals;Insecta;Diptera;Drosophilidae;Drosophila funebris;yes;dro.fun;61;3;1;Fam length: 1,5-7mm;family;body;1,5;7;Oosterbroek, P., de Jong, H. & Sijstermans, L. (2005) De Europese families van muggen en vliegen (Diptera). KNNV Uitgeverij, Utrecht.
Animals;Insecta;Diptera;Sciaridae;Xylosciara heptacantha;yes;xyl.hep;61;6;4;Fam length: 1-6mm;family;body;1;6;Oosterbroek, P., de Jong, H. & Sijstermans, L. (2005) De Europese families van muggen en vliegen (Diptera). KNNV Uitgeverij, Utrecht.
Animals;Insecta;Diptera;Syrphidae;Baccha sp. BOLD:ABA3006;no;bac.ABA3006;61;4;1;Genus length: 7-10,5mm;genus;body;7;10,5;Barendregt, A.(1991) Zweefvliegentabel. Achtste druk. Jeugdbondsuitgeverij, Utrecht, 92 pp.
Animals;Insecta;Diptera;Fanniidae;Fannia incisurata;yes;fan.inc;60;8;1;Fam length: 2-5mm;family;body;2;5;Oosterbroek, P., de Jong, H. & Sijstermans, L. (2005) De Europese families van muggen en vliegen (Diptera). KNNV Uitgeverij, Utrecht.
Animals;Insecta;Diptera;Muscidae;Hydrotaea floccosa;yes;hyd.flo;60;4;1;Genus length: 3-9mm;genus;body;3;9;D'Assis Fonseca, E. C. M. (1968) Diptera - Cylorrhapha Calyptrata, section (b) Muscidae, Handbooks for the Identification of British Insects Vol. 10 Part IV (a) Royal Entomological Society of London, London, UK.
Animals;Insecta;Lepidoptera;Drepanidae;Thyatira batis;yes;thy.bat;60;3;1;Spec vvl: 16-19mm;species;forewing;16;19;Waring, P. & Townsend, M. (2015) Nachtvlinders: de nieuwe veldgids voor Nederland en België. Kosmos Uitgevers, Utrecht/Antwerpen.
Animals;Insecta;Diptera;Phoridae;Megaselia tarsalis;yes;meg.tar;59;4;1;Fam length: 0,5-6mm;family;body;0,5;6;Oosterbroek, P., de Jong, H. & Sijstermans, L. (2005) De Europese families van muggen en vliegen (Diptera). KNNV Uitgeverij, Utrecht.
Animals;Insecta;Diptera;Phoridae;Metopina oligoneura;yes;met.oli;59;4;1;Fam length: 0,5-6mm;family;body;0,5;6;Oosterbroek, P., de Jong, H. & Sijstermans, L. (2005) De Europese families van muggen en vliegen (Diptera). KNNV Uitgeverij, Utrecht.
Animals;Arachnida;Araneae;Araneidae;Gibbaranea gibbosa;yes;gib.gib;58;3;1;Spec length F: 5-6mm, M:4-5mm;species;body;4;6;Roberts, M.J. (1985) The Spiders of Great Britain and Ireland, Vol. I. Harley Books, Colchester, UK.
Animals;Insecta;Diptera;Opetiidae;Opetia nigra;yes;ope.nig;58;6;2;Fam length: 2-5mm;family;body;2;5;Oosterbroek, P., de Jong, H. & Sijstermans, L. (2005) De Europese families van muggen en vliegen (Diptera). KNNV Uitgeverij, Utrecht.
Animals;Insecta;Hymenoptera;Ichneumonidae;Itoplectis alternans;yes;ito.alt;58;5;2;Spec vvl: 2,7-8,5mm;species;wing;2,7;8,5;Fitton, M. G., Shaw, M. R. & Gauld, I. D. (1988) Hymenoptera Ichneumonoidae (Pimplinae), Handbooks for the Identification of British Insects Vol. 7 Part I. Royal Entomological Society of London, London, UK.
Animals;Insecta;Diptera;Culicidae;Aedes impiger;yes;aed.imp;57;5;1;Fam length: 3-9mm;family;body;3;9;Oosterbroek, P., de Jong, H. & Sijstermans, L. (2005) De Europese families van muggen en vliegen (Diptera). KNNV Uitgeverij, Utrecht.
Animals;Insecta;Diptera;Dolichopodidae;Rhaphium appendiculatum;yes;rha.app;57;7;4;Fam length: 1-9mm;family;body;1;9;Oosterbroek, P., de Jong, H. & Sijstermans, L. (2005) De Europese families van muggen en vliegen (Diptera). KNNV Uitgeverij, Utrecht.
Animals;Insecta;Diptera;Phoridae;Borophaga femorata;yes;bor.fem;57;12;1;Fam length: 0,5-6mm;family;body;0,5;6;Oosterbroek, P., de Jong, H. & Sijstermans, L. (2005) De Europese families van muggen en vliegen (Diptera). KNNV Uitgeverij, Utrecht.
Animals;Insecta;Hymenoptera;Ichneumonidae;Endromopoda detrita;yes;end.det;57;2;1;Spec vvl: 4-8mm;species;wing;4;8;Fitton, M. G., Shaw, M. R. & Gauld, I. D. (1988) Hymenoptera Ichneumonoidae (Pimplinae), Handbooks for the Identification of British Insects Vol. 7 Part I. Royal Entomological Society of London, London, UK.
Animals;Insecta;Coleoptera;Nitidulidae;Cychramus variegatus;yes;cyc.var;56;3;1;Spec length: 5-7mm;species;body;5;7;Freude, H., Harde, K. W. & Lohse, G. A. (1967) Die Käfer Mitteleuropas, Bd. 7: Clavicornia. Goecke & Evers Verlag, Krefeld.
Animals;Insecta;Diptera;Sphaeroceridae;Sphaeroceridae sp.;yes;sph.sp.;56;9;2;Fam length: 0,7-5,5mm;family;body;0,7;5,5;Oosterbroek, P., de Jong, H. & Sijstermans, L. (2005) De Europese families van muggen en vliegen (Diptera). KNNV Uitgeverij, Utrecht.
Animals;Insecta;Diptera;Muscidae;Musca autumnalis;yes;mus.aut;55;2;1;Spec length: 6,25-7,75mm;species;body;6,25;7,75;D'Assis Fonseca, E. C. M. (1968) Diptera - Cylorrhapha Calyptrata, section (b) Muscidae, Handbooks for the Identification of British Insects Vol. 10 Part IV (a) Royal Entomological Society of London, London, UK.
Animals;Insecta;Diptera;Pseudopomyzidae;Pseudopomyza atrimana;yes;pse.atr;55;4;2;Fam length:1,7-2,5mm;family;body;1,7;2,5;Oosterbroek, P., de Jong, H. & Sijstermans, L. (2005) De Europese families van muggen en vliegen (Diptera). KNNV Uitgeverij, Utrecht.
Animals;Insecta;Diptera;Cecidomyiidae;CecidInt44 sp. BOLD:ACE8241;no;cec.ACE8241;54;5;2;Fam length: 0,5-3mm;family;body;0,5;3;Oosterbroek, P., de Jong, H. & Sijstermans, L. (2005) De Europese families van muggen en vliegen (Diptera). KNNV Uitgeverij, Utrecht.
Animals;Insecta;Diptera;Sciaridae;Bradysia edwardsi;yes;bra.edw;54;3;1;Fam length: 1-6mm;family;body;1;6;Oosterbroek, P., de Jong, H. & Sijstermans, L. (2005) De Europese families van muggen en vliegen (Diptera). KNNV Uitgeverij, Utrecht.
Animals;Insecta;Neuroptera;Hemerobiidae;Micromus variegatus;yes;mic.var;54;4;1;Genus length: 11-15mm;genus;body;11;15;Fraser, F. C. (1959) Mecoptera Megaloptera Neuroptera, Handbooks for the Identification of British Insects Vol. 1 Parts XII and XIII. Royal Entomological Society of London, London, UK.
Animals;Arachnida;Araneae;Linyphiidae;Hilaira vexatrix;yes;hil.vex;53;5;1;Fam length: 2,25-5,3mm;family;body;2,25;5,3;Roberts, M.J. (1985) The Spiders of Great Britain and Ireland, Vol. II. Harley Books, Colchester, UK.
Animals;Insecta;Diptera;Anthomyiidae;Pegomya transgressa;yes;peg.tra;53;5;1;Fam length: 4-12mm;family;body;4;12;Oosterbroek, P., de Jong, H. & Sijstermans, L. (2005) De Europese families van muggen en vliegen (Diptera). KNNV Uitgeverij, Utrecht.
Animals;Insecta;Diptera;Fanniidae;Fannia vesparia ;yes;fan.ves;53;4;1;Fam length: 2-5mm;family;body;2;5;Oosterbroek, P., de Jong, H. & Sijstermans, L. (2005) De Europese families van muggen en vliegen (Diptera). KNNV Uitgeverij, Utrecht.
Animals;Insecta;Diptera;Chironomidae;Macropelopia notata;yes;mac.not;52;3;1;Fam length: 1-10mm;family;body;1;10;Oosterbroek, P., de Jong, H. & Sijstermans, L. (2005) De Europese families van muggen en vliegen (Diptera). KNNV Uitgeverij, Utrecht.
Animals;Insecta;Diptera;Phoridae;PhorIntGen73 sp. BOLD:ACR4289;no;pho.ACR4289;52;7;1;Fam length: 0,5-6mm;family;body;0,5;6;Oosterbroek, P., de Jong, H. & Sijstermans, L. (2005) De Europese families van muggen en vliegen (Diptera). KNNV Uitgeverij, Utrecht.
Animals;Insecta;Lepidoptera;Geometridae;Plagodis pulveraria;yes;plag.pul;52;2;1;Spec vvl: 17-19mm;species;forewing;17;19;Waring, P. & Townsend, M. (2015) Nachtvlinders: de nieuwe veldgids voor Nederland en België. Kosmos Uitgevers, Utrecht/Antwerpen.
Animals;Insecta;Diptera;Fanniidae;Fannia coracina ;yes;fan.cor;50;12;1;Fam length: 2-5mm;family;body;2;5;Oosterbroek, P., de Jong, H. & Sijstermans, L. (2005) De Europese families van muggen en vliegen (Diptera). KNNV Uitgeverij, Utrecht.
Animals;Insecta;Diptera;Phoridae;Phoridae sp. BOLD:ACU7299;no;pho.ACU7299;50;2;1;Fam length: 0,5-6mm;family;body;0,5;6;Oosterbroek, P., de Jong, H. & Sijstermans, L. (2005) De Europese families van muggen en vliegen (Diptera). KNNV Uitgeverij, Utrecht.
Animals;Insecta;Diptera;Psychodidae;Trichopsychoda hirtella;yes;tri.hir;50;2;1;Fam length: 2-6mm;family;body;2;6;Oosterbroek, P., de Jong, H. & Sijstermans, L. (2005) De Europese families van muggen en vliegen (Diptera). KNNV Uitgeverij, Utrecht.
Animals;Insecta;Diptera;Sciaridae;Ctenosciara hyalipennis;yes;cte.hya;50;1;1;Fam length: 1-6mm;family;body;1;6;Oosterbroek, P., de Jong, H. & Sijstermans, L. (2005) De Europese families van muggen en vliegen (Diptera). KNNV Uitgeverij, Utrecht.
Animals;Insecta;Coleoptera;Staphylinidae;Quedius cinctus;yes;que.cin;49;4;2;Spec length: 7,5-8,5mm;species;body;7,5;8,5;Freude, H., Harde, K. W. & Lohse, G. A. (1964) Die Käfer Mitteleuropas, Bd. 4: Staphylinidae I (Micropeplinae bis Tachyporinae). Goecke & Evers Verlag, Krefeld.
Animals;Insecta;Diptera;Cecidomyiidae;CecidInt14 sp. BOLD:ACF9301;no;cec.ACF9301;49;5;2;Fam length: 0,5-3mm;family;body;0,5;3;Oosterbroek, P., de Jong, H. & Sijstermans, L. (2005) De Europese families van muggen en vliegen (Diptera). KNNV Uitgeverij, Utrecht.
Animals;Insecta;Diptera;Phoridae;Megaselia affinis;yes;meg.aff;49;2;1;Fam length: 0,5-6mm;family;body;0,5;6;Oosterbroek, P., de Jong, H. & Sijstermans, L. (2005) De Europese families van muggen en vliegen (Diptera). KNNV Uitgeverij, Utrecht.
Animals;Insecta;Diptera;Sphaeroceridae;Minilimosina parva;yes;min.par;49;4;1;Fam length: 0,7-5,5mm;family;body;0,7;5,5;Oosterbroek, P., de Jong, H. & Sijstermans, L. (2005) De Europese families van muggen en vliegen (Diptera). KNNV Uitgeverij, Utrecht.
Animals;Insecta;Coleoptera;Staphylinidae;Atheta nigripes;yes;ath.nig;48;7;1;Spec length: 2,4-3mm;species;body;2,4;3;Freude, H., Harde, K. W. & Lohse, G. A. (1974) Die Käfer Mitteleuropas, Bd. 5: Staphylinidae II (Hypocyphlinae und Aleocharinae), Pselaphidae. Goecke & Evers Verlag, Krefeld.
Animals;Insecta;Diptera;Chloropidae;Oscinella sp. BOLD:ACX3175;no;osc.ACX3175;48;3;1;Fam lenght: 1-4mm;family;body;1;4;Oosterbroek, P., de Jong, H. & Sijstermans, L. (2005) De Europese families van muggen en vliegen (Diptera). KNNV Uitgeverij, Utrecht.
Animals;Insecta;Diptera;Limoniidae;Neolimnophila placida ;yes;neo.pla;48;4;1;Fam length: 2-11mm;family;body;2;11;Oosterbroek, P., de Jong, H. & Sijstermans, L. (2005) De Europese families van muggen en vliegen (Diptera). KNNV Uitgeverij, Utrecht.
Animals;Insecta;Hymenoptera;Ichneumonidae;Plectiscus impurator;yes;ple.imp;48;14;1;NA;NA;NA;NA;NA;Not found
Animals;Insecta;Diptera;Clusiidae;Clusiodes albimanus;yes;clu.alb;47;5;3;Fam length:1,5-8mm;family;body;1,5;8;Oosterbroek, P., de Jong, H. & Sijstermans, L. (2005) De Europese families van muggen en vliegen (Diptera). KNNV Uitgeverij, Utrecht.
Animals;Insecta;Diptera;Muscidae;Mydaea new sp. nr urbana;yes;myd.urb;47;3;1;Spec length: 7,75-9,5mm;species;body;7,75;9,5;D'Assis Fonseca, E. C. M. (1968) Diptera - Cylorrhapha Calyptrata, section (b) Muscidae, Handbooks for the Identification of British Insects Vol. 10 Part IV (a) Royal Entomological Society of London, London, UK.
Animals;Insecta;Coleoptera;Leiodidae;Apocatops nigrita;yes;apo.nig;46;9;1;NA;NA;NA;NA;NA;Not found
Animals;Insecta;Diptera;Phoridae;PhorIntGen14 sp. BOLD:ACG4325;no;pho.ACG4325;46;4;1;Fam length: 0,5-6mm;family;body;0,5;6;Oosterbroek, P., de Jong, H. & Sijstermans, L. (2005) De Europese families van muggen en vliegen (Diptera). KNNV Uitgeverij, Utrecht.
Animals;Insecta;Diptera;Anthomyiidae;Pegomya testacea;yes;peg.tes;45;6;2;Fam length: 4-12mm;family;body;4;12;Oosterbroek, P., de Jong, H. & Sijstermans, L. (2005) De Europese families van muggen en vliegen (Diptera). KNNV Uitgeverij, Utrecht.
Animals;Insecta;Diptera;Cecidomyiidae;Campylomyza flavipes;yes;cam.fla;45;3;1;Fam length: 0,5-3mm;family;body;0,5;3;Oosterbroek, P., de Jong, H. & Sijstermans, L. (2005) De Europese families van muggen en vliegen (Diptera). KNNV Uitgeverij, Utrecht.
Animals;Insecta;Diptera;Chironomidae;Chironomidae sp. BOLD:ACO8440;no;chi.ACO8440;45;4;1;Fam length: 1-10mm;family;body;1;10;Oosterbroek, P., de Jong, H. & Sijstermans, L. (2005) De Europese families van muggen en vliegen (Diptera). KNNV Uitgeverij, Utrecht.
Animals;Insecta;Diptera;Limoniidae;Pseudolimnophila sepium;yes;pse.sep;45;1;1;Fam length: 2-11mm;family;body;2;11;Oosterbroek, P., de Jong, H. & Sijstermans, L. (2005) De Europese families van muggen en vliegen (Diptera). KNNV Uitgeverij, Utrecht.
Animals;Insecta;Diptera;NA;Diptera sp.;no;dip.sp.;45;5;1;NA;NA;NA;NA;NA;Impossible
Animals;Insecta;Hymenoptera;Ichneumonidae;Syrphoctonus cf. tarsatorius;yes;syr.tar;45;2;1;NA;NA;NA;NA;NA;Not found
Animals;Insecta;Lepidoptera;Nymphalidae;Boloria sp. BOLD:AAA3398;no;bol.AAA3398;45;13;1;Genus vvl: 16-21mm;genus;forewing;16;21;Higgins, L. G. & Riley, N. D. (1980) Field Guide to the Butterflies of Britain and Europe. 4th edn, Collins, London
Animals;Insecta;Diptera;Cecidomyiidae;Cecidomyiidae sp. BOLD:ACX2138;no;cec.ACX2138;44;2;1;Fam length: 0,5-3mm;family;body;0,5;3;Oosterbroek, P., de Jong, H. & Sijstermans, L. (2005) De Europese families van muggen en vliegen (Diptera). KNNV Uitgeverij, Utrecht.
Animals;Insecta;Lepidoptera;Gracillariidae;Caloptilia alchimiella;yes;cal.alc;44;3;2;Spec vvl 5-7mm;species;forewing;5;7;Stirling, P., Parsons, M. & Lewington, R. ( 2012) Field guide to the Micro-Moths of Great Britain and Ireland. Britsh Wildlife Publishing, Gillingham.
Animals;Insecta;Diptera;Dolichopodidae;Gymnopternus metallicus;yes;gym.met;43;1;1;Fam length: 1-9mm;family;body;1;9;Oosterbroek, P., de Jong, H. & Sijstermans, L. (2005) De Europese families van muggen en vliegen (Diptera). KNNV Uitgeverij, Utrecht.
Animals;Insecta;Diptera;Phoridae;PhorIntGen6 sp. BOLD:ACF6985;no;pho.ACF6985;43;3;1;Fam length: 0,5-6mm;family;body;0,5;6;Oosterbroek, P., de Jong, H. & Sijstermans, L. (2005) De Europese families van muggen en vliegen (Diptera). KNNV Uitgeverij, Utrecht.
Animals;Insecta;Diptera;Ceratopogonidae;Forcipomyia nigra;yes;forc.nig;42;7;2;Fam length: 1-5mm;family;body;1;5;Oosterbroek, P., de Jong, H. & Sijstermans, L. (2005) De Europese families van muggen en vliegen (Diptera). KNNV Uitgeverij, Utrecht.
Animals;Insecta;Hymenoptera;Ichneumonidae;Phobocampe sp. BOLD:ACR4523;no;pho.ACR4523;42;3;1;NA;NA;NA;NA;NA;Not found
Animals;Insecta;Diptera;Cecidomyiidae;Cecidomyiidae sp. BOLD:ACU9751;no;cec.ACU9751;41;6;2;Fam length: 0,5-3mm;family;body;0,5;3;Oosterbroek, P., de Jong, H. & Sijstermans, L. (2005) De Europese families van muggen en vliegen (Diptera). KNNV Uitgeverij, Utrecht.
Animals;Insecta;Diptera;Dolichopodidae;Xanthochlorus tenellus;yes;xan.ten;41;7;2;Fam length: 1-9mm;family;body;1;9;Oosterbroek, P., de Jong, H. & Sijstermans, L. (2005) De Europese families van muggen en vliegen (Diptera). KNNV Uitgeverij, Utrecht.
Animals;Insecta;Diptera;Keroplatidae;Neoplatyura nigricauda;yes;neo.nig;41;1;1;Fam length: 4-15mm;family;body;4;15;Oosterbroek, P., de Jong, H. & Sijstermans, L. (2005) De Europese families van muggen en vliegen (Diptera). KNNV Uitgeverij, Utrecht.
Animals;Insecta;Diptera;Sciaridae;Corynoptera perpusilla;yes;cor.per;41;6;2;Fam length: 1-6mm;family;body;1;6;Oosterbroek, P., de Jong, H. & Sijstermans, L. (2005) De Europese families van muggen en vliegen (Diptera). KNNV Uitgeverij, Utrecht.
Animals;Insecta;Diptera;Tachinidae;Linnaemya picta;yes;lin.pic;41;4;1;Genus length: 9-12mm;genus;body;9;12;Zeegers, T. (1992) Tabel voor de grotere sluipvliegen en horzels van Nederland. Jeugdbondsuitgeverij, Utrecht.
Animals;Insecta;Hymenoptera;Ichneumonidae;Liotryphon caudatus;yes;lio.cau;41;3;1;Spec vvl: 3,6-8,5mm;species;wing;3,6;8,5;Fitton, M. G., Shaw, M. R. & Gauld, I. D. (1988) Hymenoptera Ichneumonoidae (Pimplinae), Handbooks for the Identification of British Insects Vol. 7 Part I. Royal Entomological Society of London, London, UK.
Animals;Insecta;Lepidoptera;Ypsolophidae;Ypsolopha parenthesella;yes;yps.par;41;3;1;Spec vvl: 7-9mm;species;forewing;7;9;Stirling, P., Parsons, M. & Lewington, R. ( 2012) Field guide to the Micro-Moths of Great Britain and Ireland. Britsh Wildlife Publishing, Gillingham.
Animals;Insecta;Coleoptera;Carabidae;Dromius quadrimaculatus;yes;dro.qua;40;1;1;Spec length: 4,7-6,4mm;species;body;4,7;6,4;Boeken, M., Desender, K., Drost, B., van Gijzen, T., Koese, B., Muilwijk, J., Turin, H. & Vermeulen, R. J. (2002) De loopkevers van Nederland & Vlaanderen (Coleoptera: Carabidae). Stichting Jeugdbondsuitgeverij, Utrecht.
Animals;Insecta;Coleoptera;Leiodidae;Sciodrepoides watsoni;yes;sci.wat;40;2;1;NA;NA;NA;NA;NA;Not found
Animals;Insecta;Coleoptera;Phalacridae;Olibrus aeneus;yes;oli.aen;40;5;1;Spec length: 2-2,5mm;species;body;2;2,5;Freude, H., Harde, K. W. & Lohse, G. A. (1967) Die Käfer Mitteleuropas, Bd. 7: Clavicornia. Goecke & Evers Verlag, Krefeld.
Animals;Insecta;Diptera;Hybotidae;Platypalpus pulicarius;yes;pla.pul;40;3;1;Fam length: 1-6mm;family;body;1;6;Oosterbroek, P., de Jong, H. & Sijstermans, L. (2005) De Europese families van muggen en vliegen (Diptera). KNNV Uitgeverij, Utrecht.
Animals;Insecta;Diptera;Sphaeroceridae;SphaerocerIntGen29 sp. BOLD:ACX3181;no;sph.ACX3181;40;4;1;Fam length: 0,7-5,5mm;family;body;0,7;5,5;Oosterbroek, P., de Jong, H. & Sijstermans, L. (2005) De Europese families van muggen en vliegen (Diptera). KNNV Uitgeverij, Utrecht.
Animals;Insecta;Diptera;Syrphidae;Platycheirus speighti;yes;pla.spe;40;7;1;Genus length: 5-10mm;genus;body;5;10;van Veen, M. P. (2004) Hoverflies of Northwest Europe: Identification keys to the Syrphidae. KNNV Publishing, Zeist.
Animals;Insecta;Diptera;Anthomyiidae;Pegomya sp. BOLD:AAL0165;no;peg.AAL0165;39;2;1;Fam length: 4-12mm;family;body;4;12;Oosterbroek, P., de Jong, H. & Sijstermans, L. (2005) De Europese families van muggen en vliegen (Diptera). KNNV Uitgeverij, Utrecht.
Animals;Insecta;Diptera;Chironomidae;Bryophaenocladius sp. 4ES;no;bry.4ES;39;2;2;Fam length: 1-10mm;family;body;1;10;Oosterbroek, P., de Jong, H. & Sijstermans, L. (2005) De Europese families van muggen en vliegen (Diptera). KNNV Uitgeverij, Utrecht.
Animals;Insecta;Hemiptera;Cicadellidae;Fagocyba douglasi;yes;fag.dou;39;6;2;Genus length: 3,4-4,3mm;genus;body;3,4;4,3;Le Quesne, W. J. & Payne, K. R. (1981) Cicadellidae (Typhlocybinae) with a checklist of the Britisch Auchenorhyncha (Hemiptera, Homoptera), Handbooks for the Identification of British Insects Vol. 2 Part II (c). Royal Entomological Society of London, London, UK.
Animals;Insecta;Diptera;Phoridae;Phoridae sp. BOLD:AAG3269;no;pho.AAG3269;37;2;1;Fam length: 0,5-6mm;family;body;0,5;6;Oosterbroek, P., de Jong, H. & Sijstermans, L. (2005) De Europese families van muggen en vliegen (Diptera). KNNV Uitgeverij, Utrecht.
Animals;Insecta;Diptera;Psychodidae;Psychoda trinodulosa;yes;psy.tri;37;3;1;Fam length: 2-6mm;family;body;2;6;Oosterbroek, P., de Jong, H. & Sijstermans, L. (2005) De Europese families van muggen en vliegen (Diptera). KNNV Uitgeverij, Utrecht.
Animals;Insecta;Coleoptera;Staphylinidae;Othius myrmecophilus;yes;oth.myr;36;3;1;Spec length: 4,5-5mm;species;body;4,5;5;Freude, H., Harde, K. W. & Lohse, G. A. (1964) Die Käfer Mitteleuropas, Bd. 4: Staphylinidae I (Micropeplinae bis Tachyporinae). Goecke & Evers Verlag, Krefeld.
Animals;Insecta;Diptera;Cecidomyiidae;CecidInt34 sp. BOLD:ACB9757;no;cec.ACB9757;36;8;1;Fam length: 0,5-3mm;family;body;0,5;3;Oosterbroek, P., de Jong, H. & Sijstermans, L. (2005) De Europese families van muggen en vliegen (Diptera). KNNV Uitgeverij, Utrecht.
Animals;Insecta;Diptera;Mycetophilidae;Allodia lugens;yes;all.lug;36;3;1;Fam length: 4-8mm;family;body;4;8;Oosterbroek, P., de Jong, H. & Sijstermans, L. (2005) De Europese families van muggen en vliegen (Diptera). KNNV Uitgeverij, Utrecht.
Animals;Insecta;Diptera;Calliphoridae;Bellardia viarum;yes;bel.via;35;3;2;Fam length: 4-16mm;family;body;4;16;Oosterbroek, P., de Jong, H. & Sijstermans, L. (2005) De Europese families van muggen en vliegen (Diptera). KNNV Uitgeverij, Utrecht.
Animals;Insecta;Diptera;Cecidomyiidae;CecidInt38 sp. BOLD:ACC5872;no;cec.ACC5872;35;7;2;Fam length: 0,5-3mm;family;body;0,5;3;Oosterbroek, P., de Jong, H. & Sijstermans, L. (2005) De Europese families van muggen en vliegen (Diptera). KNNV Uitgeverij, Utrecht.
Animals;Insecta;Diptera;Cecidomyiidae;CecidInt52 sp. BOLD:ADE1424;no;cec.ADE1424;35;2;1;Fam length: 0,5-3mm;family;body;0,5;3;Oosterbroek, P., de Jong, H. & Sijstermans, L. (2005) De Europese families van muggen en vliegen (Diptera). KNNV Uitgeverij, Utrecht.
Animals;Insecta;Diptera;Hybotidae;Tachypeza nubila;yes;tac.nub;35;1;1;Fam length: 1-6mm;family;body;1;6;Oosterbroek, P., de Jong, H. & Sijstermans, L. (2005) De Europese families van muggen en vliegen (Diptera). KNNV Uitgeverij, Utrecht.
Animals;Insecta;Diptera;Phoridae;PhorIntGen52 sp. BOLD:ACQ8620;no;pho.ACQ8620;35;3;1;Fam length: 0,5-6mm;family;body;0,5;6;Oosterbroek, P., de Jong, H. & Sijstermans, L. (2005) De Europese families van muggen en vliegen (Diptera). KNNV Uitgeverij, Utrecht.
Animals;Insecta;Coleoptera;Staphylinidae;Anotylus rugosus;yes;ano.rug;34;11;1;Spec length: 4,5-5,5mm;species;body;4,5;5,5;Freude, H., Harde, K. W. & Lohse, G. A. (1964) Die Käfer Mitteleuropas, Bd. 4: Staphylinidae I (Micropeplinae bis Tachyporinae). Goecke & Evers Verlag, Krefeld.
Animals;Insecta;Diptera;Calliphoridae;Pollenia pediculata;yes;pol.ped;34;2;1;Genus length: 4,7-11mm;genus;body;4,7;11;van Emden, F. I. (1954) Diptera – Cyclorrhapha Calyptrata (1) Section (a), Handbooks for the Identification of British Insects Vol. 10 Part IV (a). Royal Entomological Society of London, London, UK.
Animals;Insecta;Diptera;Sciaridae;Mouffetina pulchricornis;yes;mou.pul;34;6;1;Fam length: 1-6mm;family;body;1;6;Oosterbroek, P., de Jong, H. & Sijstermans, L. (2005) De Europese families van muggen en vliegen (Diptera). KNNV Uitgeverij, Utrecht.
Animals;Insecta;Diptera;Sphaeroceridae;Spelobia clunipes;yes;spe.clu;34;3;1;Fam length: 0,7-5,5mm;family;body;0,7;5,5;Oosterbroek, P., de Jong, H. & Sijstermans, L. (2005) De Europese families van muggen en vliegen (Diptera). KNNV Uitgeverij, Utrecht.
Animals;Insecta;Coleoptera;Chrysomelidae;Longitarsus melanocephalus;yes;lon.mel;33;9;1;Spec Length: 2-3mm;species;body;2;3;Freude, H., Harde, K. W. & Lohse, G. A. (1966) Die Käfer Mitteleuropas, Bd. 9: Cerambycidae Chrysomelidae. Goecke & Evers Verlag, Krefeld.
Animals;Insecta;Diptera;Cecidomyiidae;Cecidomyiidae sp. BOLD:ACP5594;no;cec.ACP5594;33;3;1;Fam length: 0,5-3mm;family;body;0,5;3;Oosterbroek, P., de Jong, H. & Sijstermans, L. (2005) De Europese families van muggen en vliegen (Diptera). KNNV Uitgeverij, Utrecht.
Animals;Insecta;Diptera;Chironomidae;Chironomidae sp.BOLD:ACK8164;no;chi.ACK8164;33;2;1;Fam length: 1-10mm;family;body;1;10;Oosterbroek, P., de Jong, H. & Sijstermans, L. (2005) De Europese families van muggen en vliegen (Diptera). KNNV Uitgeverij, Utrecht.
Animals;Insecta;Diptera;Syrphidae;Syrphus ribesii;yes;syr.rib;33;3;2;Spec length: 10-12mm;species;body;10;12;van Veen, M. P. (2004) Hoverflies of Northwest Europe: Identification keys to the Syrphidae. KNNV Publishing, Zeist.
Animals;Insecta;Diptera;Sciaridae;Zygoneura sciarina;yes;zyg.sci;32;6;1;Fam length: 1-6mm;family;body;1;6;Oosterbroek, P., de Jong, H. & Sijstermans, L. (2005) De Europese families van muggen en vliegen (Diptera). KNNV Uitgeverij, Utrecht.
Animals;Insecta;Lepidoptera;Noctuidae;Pachetra sagittigera;yes;pac.sag;32;2;1;Spec vvl: 17-20mm;species;forewing;17;20;Waring, P. & Townsend, M. (2015) Nachtvlinders: de nieuwe veldgids voor Nederland en België. Kosmos Uitgevers, Utrecht/Antwerpen.
Animals;Arachnida;Araneae;Linyphiidae;Tenuiphantes tenuis;yes;ten.ten;31;2;1;Spec length: 2-2,5mm;species;body;2;2,5;Vink, C. J. & Kean, J. M. (2013) PCR gut analysis reveals that Tneuiphantes tenuis ( Araneae: Linyphiidae) is apotentially significant predator of Argentine stem weevil, Listronotus bonariensis (Coleoptera: Curculionidae), in New Zealand pastures. New Zealand Journal of Zoology 40:304-313.
Animals;Insecta;Diptera;Chironomidae;Smittia leucopogon;yes;smi.leu;31;2;1;Fam length: 1-10mm;family;body;1;10;Oosterbroek, P., de Jong, H. & Sijstermans, L. (2005) De Europese families van muggen en vliegen (Diptera). KNNV Uitgeverij, Utrecht.
Animals;Insecta;Diptera;Sphaeroceridae;Spelobia rufilabris;yes;spe.ruf;31;4;1;Fam length: 0,7-5,5mm;family;body;0,7;5,5;Oosterbroek, P., de Jong, H. & Sijstermans, L. (2005) De Europese families van muggen en vliegen (Diptera). KNNV Uitgeverij, Utrecht.
Animals;Insecta;Coleoptera;Staphylinidae;Gnypeta ripicola;yes;gny.rip;30;3;1;Spec length: 2,8-3,5mm;species;body;2,8;3,5;Freude, H., Harde, K. W. & Lohse, G. A. (1974) Die Käfer Mitteleuropas, Bd. 5: Staphylinidae II (Hypocyphlinae und Aleocharinae), Pselaphidae. Goecke & Evers Verlag, Krefeld.
Animals;Insecta;Diptera;Mycetophilidae;Mycomya cinerascens;yes;myc.cin;30;5;2;Fam length: 4-8mm;family;body;4;8;Oosterbroek, P., de Jong, H. & Sijstermans, L. (2005) De Europese families van muggen en vliegen (Diptera). KNNV Uitgeverij, Utrecht.
Animals;Insecta;Diptera;Phoridae;PhorIntGen111 sp. BOLD:ACY6338;no;pho.ACY6338;30;3;1;Fam length: 0,5-6mm;family;body;0,5;6;Oosterbroek, P., de Jong, H. & Sijstermans, L. (2005) De Europese families van muggen en vliegen (Diptera). KNNV Uitgeverij, Utrecht.
Animals;Insecta;Diptera;Sciaridae;Corynoptera tetrachaeta;yes;cor.tet;30;8;0;Fam length: 1-6mm;family;body;1;6;Oosterbroek, P., de Jong, H. & Sijstermans, L. (2005) De Europese families van muggen en vliegen (Diptera). KNNV Uitgeverij, Utrecht.
Animals;Insecta;Coleoptera;Staphylinidae;Calodera aethiops;yes;cal.aet;29;5;2;Spec length: 2-2,5mm;species;body;2;2,5;Freude, H., Harde, K. W. & Lohse, G. A. (1974) Die Käfer Mitteleuropas, Bd. 5: Staphylinidae II (Hypocyphlinae und Aleocharinae), Pselaphidae. Goecke & Evers Verlag, Krefeld.
Animals;Insecta;Diptera;Cecidomyiidae;CecidInt11 sp. BOLD:ACU9439;no;cec.ACU9439;29;1;1;Fam length: 0,5-3mm;family;body;0,5;3;Oosterbroek, P., de Jong, H. & Sijstermans, L. (2005) De Europese families van muggen en vliegen (Diptera). KNNV Uitgeverij, Utrecht.
Animals;Insecta;Diptera;Culicidae;Aedes cantans;yes;aed.can;29;1;1;Fam length: 3-9mm;family;body;3;9;Oosterbroek, P., de Jong, H. & Sijstermans, L. (2005) De Europese families van muggen en vliegen (Diptera). KNNV Uitgeverij, Utrecht.
Animals;Insecta;Diptera;Phoridae;Phoridae sp. BOLD:ACO7890;no;pho.ACO7890;29;2;1;Fam length: 0,5-6mm;family;body;0,5;6;Oosterbroek, P., de Jong, H. & Sijstermans, L. (2005) De Europese families van muggen en vliegen (Diptera). KNNV Uitgeverij, Utrecht.
Animals;Insecta;Diptera;Scathophagidae;Norellisoma spinimanum;yes;nor.spi;29;2;1;Fam length: 3-12mm;family;body;3;12;Oosterbroek, P., de Jong, H. & Sijstermans, L. (2005) De Europese families van muggen en vliegen (Diptera). KNNV Uitgeverij, Utrecht.
Animals;Insecta;Diptera;Syrphidae;Chalcosyrphus nemorum;yes;cha.nem;29;4;1;Spec length: 7-8,5mm;species;body;7;8,5;Barendregt, A.(1991) Zweefvliegentabel. Achtste druk. Jeugdbondsuitgeverij, Utrecht, 92 pp.
Animals;Insecta;Diptera;Syrphidae;Platycheirus varipes;yes;pla.var;29;3;1;Spec length: 7-9mm;species;body;7;9;van Veen, M. P. (2004) Hoverflies of Northwest Europe: Identification keys to the Syrphidae. KNNV Publishing, Zeist.
Animals;Insecta;Hymenoptera;Tenthredinidae;Cladius brullei;yes;cla.bru;29;3;1;Genus length: 5-7mm;genus;body;5;7;Benson, R. B. (1952) Hymenoptera Symphyta, Handbooks for the Identification of British Insects Vol. 6 Part II (a). Royal Entomological Society of London, London, UK.
Animals;Insecta;Coleoptera;Staphylinidae;Quedius invreae;yes;que.inv;28;2;1;Spec length: 8-11mm;species;body;8;11;Freude, H., Harde, K. W. & Lohse, G. A. (1964) Die Käfer Mitteleuropas, Bd. 4: Staphylinidae I (Micropeplinae bis Tachyporinae). Goecke & Evers Verlag, Krefeld.
Animals;Insecta;Diptera;Anthomyiidae;Pegomya fulgens;yes;peg.ful;28;2;1;Fam length: 4-12mm;family;body;4;12;Oosterbroek, P., de Jong, H. & Sijstermans, L. (2005) De Europese families van muggen en vliegen (Diptera). KNNV Uitgeverij, Utrecht.
Animals;Insecta;Diptera;Sciaridae;Corynoptera sp. BOLD:ACX2976;no;cor.ACX2976;28;1;1;Fam length: 1-6mm;family;body;1;6;Oosterbroek, P., de Jong, H. & Sijstermans, L. (2005) De Europese families van muggen en vliegen (Diptera). KNNV Uitgeverij, Utrecht.
Animals;Insecta;Diptera;Sepsidae;Sepsis punctum;yes;sep.pun;28;3;1;Fam length: 2-6mm;family;body;2;6;Oosterbroek, P., de Jong, H. & Sijstermans, L. (2005) De Europese families van muggen en vliegen (Diptera). KNNV Uitgeverij, Utrecht.
Animals;Insecta;Diptera;Sphaeroceridae;Sphaeroceridae sp. BOLD:ACP2759;no;sph.ACP2759;28;4;1;Fam length: 0,7-5,5mm;family;body;0,7;5,5;Oosterbroek, P., de Jong, H. & Sijstermans, L. (2005) De Europese families van muggen en vliegen (Diptera). KNNV Uitgeverij, Utrecht.
Animals;Insecta;Hymenoptera;Ichneumonidae;Casinaria pyreneator;yes;cas.pyr;28;2;1;NA;NA;NA;NA;NA;Not found
Animals;Insecta;Hymenoptera;Ichneumonidae;Plectiscidea collaris;yes;ple.col;28;1;1;NA;NA;NA;NA;NA;Not found
Animals;Insecta;Diptera;Psychodidae;Psychoda setigera;yes;psy.set;27;1;1;Fam length: 2-6mm;family;body;2;6;Oosterbroek, P., de Jong, H. & Sijstermans, L. (2005) De Europese families van muggen en vliegen (Diptera). KNNV Uitgeverij, Utrecht.
Animals;Insecta;Diptera;Sarcophagidae;Sarcophaga haemorrhoa;yes;sar.hae;27;4;1;Fam length: 3-22mm;family;body;3;22;Oosterbroek, P., de Jong, H. & Sijstermans, L. (2005) De Europese families van muggen en vliegen (Diptera). KNNV Uitgeverij, Utrecht.
Animals;Insecta;Hymenoptera;Ichneumonidae;Cryptus arcticus;yes;cry.arc;27;2;1;NA;NA;NA;NA;NA;Not found
Animals;Insecta;Lepidoptera;Tortricidae;Bactra lancealana;yes;bac.lan;27;2;1;Spec vvl 5-10mm;species;forewing;5;10;Stirling, P., Parsons, M. & Lewington, R. ( 2012) Field guide to the Micro-Moths of Great Britain and Ireland. Britsh Wildlife Publishing, Gillingham.
Animals;Insecta;Coleoptera;Staphylinidae;Amischa decipiens;yes;ami.dec;26;6;1;Spec length: 2-2,2mm;species;body;2;2,2;Freude, H., Harde, K. W. & Lohse, G. A. (1974) Die Käfer Mitteleuropas, Bd. 5: Staphylinidae II (Hypocyphlinae und Aleocharinae), Pselaphidae. Goecke & Evers Verlag, Krefeld.
Animals;Insecta;Diptera;Dolichopodidae;Dolichopodidae sp. ;yes;dol.sp.;26;2;1;Fam length: 1-9mm;family;body;1;9;Oosterbroek, P., de Jong, H. & Sijstermans, L. (2005) De Europese families van muggen en vliegen (Diptera). KNNV Uitgeverij, Utrecht.
Animals;Insecta;Diptera;Drosophilidae;Drosophila littoralis;yes;dro.lit;26;1;1;Fam length: 1,5-7mm;family;body;1,5;7;Oosterbroek, P., de Jong, H. & Sijstermans, L. (2005) De Europese families van muggen en vliegen (Diptera). KNNV Uitgeverij, Utrecht.
Animals;Insecta;Diptera;Ephydridae;Ephyridae sp. BOLD:ABV9420;no;eph.ABV9420;26;4;1;Fam length: 1-12mm;family;body;1;12;Oosterbroek, P., de Jong, H. & Sijstermans, L. (2005) De Europese families van muggen en vliegen (Diptera). KNNV Uitgeverij, Utrecht.
Animals;Insecta;Diptera;Mycetophilidae;Boletina pallidula;yes;bol.pal;26;3;1;Fam length: 4-8mm;family;body;4;8;Oosterbroek, P., de Jong, H. & Sijstermans, L. (2005) De Europese families van muggen en vliegen (Diptera). KNNV Uitgeverij, Utrecht.
Animals;Insecta;Lepidoptera;Noctuidae;Craniophora ligustri;yes;cra.lig;26;2;1;Spec vvl: 17-19mm;species;forewing;17;19;Waring, P. & Townsend, M. (2015) Nachtvlinders: de nieuwe veldgids voor Nederland en België. Kosmos Uitgevers, Utrecht/Antwerpen.
Animals;Insecta;Diptera;Cecidomyiidae;Cecidomyiidae sp. BOLD:ABV0499;no;cec.ABV0499;25;1;1;Fam length: 0,5-3mm;family;body;0,5;3;Oosterbroek, P., de Jong, H. & Sijstermans, L. (2005) De Europese families van muggen en vliegen (Diptera). KNNV Uitgeverij, Utrecht.
Animals;Insecta;Diptera;Muscidae;Lispocephala erythrocera;yes;lis.ery;25;3;1;Spec length: 2,75-4mm;species;body;2,75;4;D'Assis Fonseca, E. C. M. (1968) Diptera - Cylorrhapha Calyptrata, section (b) Muscidae, Handbooks for the Identification of British Insects Vol. 10 Part IV (a) Royal Entomological Society of London, London, UK.
Animals;Insecta;Hemiptera;Aphrophoridae;Aphrophora sp. BOLD:ACR5174;no;aph.ACR5174;25;13;0;Genus length: 8,6-12mm;genus;body;8,6;12;Le Quesne, W. J. (1965) Hemiptera – Cicadomorpha (excluding Deltocephalinae and Typhlocybinae), Handbooks for the Identification of British Insects Vol. 2 Part II (a). Royal Entomological Society of London, London, UK.
Animals;Insecta;Lepidoptera;Erebidae;Eilema griseola;yes;eil.gri;25;3;1;Spec vvl: 15-18mm;species;forewing;15;18;Waring, P. & Townsend, M. (2015) Nachtvlinders: de nieuwe veldgids voor Nederland en België. Kosmos Uitgevers, Utrecht/Antwerpen.
Animals;Insecta;Lepidoptera;Geometridae;Ectropis crepuscularia;yes;ect.cre;25;3;1;Spec vvl: 15-22mm;species;forewing;15;22;Waring, P. & Townsend, M. (2015) Nachtvlinders: de nieuwe veldgids voor Nederland en België. Kosmos Uitgevers, Utrecht/Antwerpen.
Animals;Insecta;Coleoptera;Coccinellidae;Calvia quatuordecimguttata;yes;cal.qua;24;2;1;Spec length: 4,5-6mm;species;body;4,5;6;Freude, H., Harde, K. W. & Lohse, G. A. (1967) Die Käfer Mitteleuropas, Bd. 7: Clavicornia. Goecke & Evers Verlag, Krefeld.
Animals;Insecta;Diptera;Diadocidiidae;Diadocidia ferruginosa;yes;dia.fer;24;8;0;Fam length: 3-4,5mm;family;body;3;4,5;Oosterbroek, P., de Jong, H. & Sijstermans, L. (2005) De Europese families van muggen en vliegen (Diptera). KNNV Uitgeverij, Utrecht.
Animals;Insecta;Diptera;Muscidae;MuscidaeIntGen51 sp. BOLD:ACR3383;no;mus.ACR3383;24;1;1;Fam length: 2-18mm;family;body;2;18;Oosterbroek, P., de Jong, H. & Sijstermans, L. (2005) De Europese families van muggen en vliegen (Diptera). KNNV Uitgeverij, Utrecht.
Animals;Insecta;Diptera;Muscidae;Myospila lauta;yes;myo.lau;24;11;1;Genus length: 6-7,5mm;genus;body;6;7,5;D'Assis Fonseca, E. C. M. (1968) Diptera - Cylorrhapha Calyptrata, section (b) Muscidae, Handbooks for the Identification of British Insects Vol. 10 Part IV (a) Royal Entomological Society of London, London, UK.
Animals;Insecta;Hymenoptera;Ichneumonidae;Promethes sulcator;yes;pro.sul;24;1;1;NA;NA;NA;NA;NA;Not found
Animals;Insecta;Diptera;Anthomyiidae;Paradelia brunneonigra;yes;par.bru;23;2;1;Fam length: 4-12mm;family;body;4;12;Oosterbroek, P., de Jong, H. & Sijstermans, L. (2005) De Europese families van muggen en vliegen (Diptera). KNNV Uitgeverij, Utrecht.
Animals;Insecta;Diptera;Cecidomyiidae;CecidInt14 sp. BOLD:ACG3846;no;cec.ACG3846;23;10;0;Fam length: 0,5-3mm;family;body;0,5;3;Oosterbroek, P., de Jong, H. & Sijstermans, L. (2005) De Europese families van muggen en vliegen (Diptera). KNNV Uitgeverij, Utrecht.
Animals;Insecta;Diptera;Phoridae;Megaselia bifida;yes;meg.bif;23;2;1;Fam length: 0,5-6mm;family;body;0,5;6;Oosterbroek, P., de Jong, H. & Sijstermans, L. (2005) De Europese families van muggen en vliegen (Diptera). KNNV Uitgeverij, Utrecht.
Animals;Insecta;Diptera;Phoridae;Megaselia sp. BOLD:AAP2490;no;meg.AAP2490;23;1;1;Fam length: 0,5-6mm;family;body;0,5;6;Oosterbroek, P., de Jong, H. & Sijstermans, L. (2005) De Europese families van muggen en vliegen (Diptera). KNNV Uitgeverij, Utrecht.
Animals;Insecta;Hymenoptera;Ichneumonidae;Xorides praecatorius;yes;xor.pra;23;4;1;NA;NA;NA;NA;NA;Not found
Animals;Insecta;Coleoptera;Staphylinidae;Gyrohypnus angustatus;yes;gyr.ang;22;10;0;Spec length: 5,5-7mm;species;body;5,5;7;Freude, H., Harde, K. W. & Lohse, G. A. (1964) Die Käfer Mitteleuropas, Bd. 4: Staphylinidae I (Micropeplinae bis Tachyporinae). Goecke & Evers Verlag, Krefeld.
Animals;Insecta;Diptera;Cecidomyiidae;Cecidomyiidae sp. BOLD:AAM6047;no;cec.AAM6047;22;5;1;Fam length: 0,5-3mm;family;body;0,5;3;Oosterbroek, P., de Jong, H. & Sijstermans, L. (2005) De Europese families van muggen en vliegen (Diptera). KNNV Uitgeverij, Utrecht.
Animals;Insecta;Diptera;Cecidomyiidae;Cecidomyiidae sp. BOLD:ABV9351;no;cec.ABV9351;22;2;1;Fam length: 0,5-3mm;family;body;0,5;3;Oosterbroek, P., de Jong, H. & Sijstermans, L. (2005) De Europese families van muggen en vliegen (Diptera). KNNV Uitgeverij, Utrecht.
Animals;Insecta;Diptera;Tachinidae;Peleteria aenea;yes;pel.aen;22;2;1;Genus length: 10-14mm;genus;body;10;14;Zeegers, T. (1992) Tabel voor de grotere sluipvliegen en horzels van Nederland. Jeugdbondsuitgeverij, Utrecht.
Animals;Insecta;Lepidoptera;Tischeriidae;Tischeria ekebladella;yes;tis.eke;22;2;1;Spec vvl 3,5-5mm;species;forewing;3,5;5;Stirling, P., Parsons, M. & Lewington, R. ( 2012) Field guide to the Micro-Moths of Great Britain and Ireland. Britsh Wildlife Publishing, Gillingham.
Animals;Insecta;Coleoptera;Hydraenidae;Hydraena hernandoi;yes;hyd.her;21;1;1;Genus length: 1,6-2,7;genus;body;1,6;2,7;Freude, H., Harde, K. W. & Lohse, G. A. (1971) Die Käfer Mitteleuropas, Bd. 3: Adephaga (2) Palpicornia, Histeroidea, Staphylionidea. Goecke & Evers Verlag, Krefeld.
Animals;Insecta;Diptera;Agromyzidae;Phytomyza chaerophylli;yes;phy.cha;21;1;1;Spec vl length: 1,8-2,1mm;species;wing;1,8;2,1;Spencer, K. Q. (1972) Diptera - Agromyzidae, Handbooks for the Identification of British Insects Vol. 10 Part V (g). Royal Entomological Society of London, London, UK.
Animals;Insecta;Diptera;Cecidomyiidae;Cecidomyiidae sp.BOLD:ACP9220;no;cec.ACP9220;21;5;1;Fam length: 0,5-3mm;family;body;0,5;3;Oosterbroek, P., de Jong, H. & Sijstermans, L. (2005) De Europese families van muggen en vliegen (Diptera). KNNV Uitgeverij, Utrecht.
Animals;Insecta;Diptera;Pipunculidae;Cephalops ultimus;yes;cep.ult;21;3;1;Spec VL: 4-5mm;species;wing;4;5;Coe, R. l. (1966) Diptera - Pipunculidae, Handbooks for the Identification of British Insects Vol. 10 Part II (c) Royal Entomological Society of London, London, UK.
Animals;Insecta;Diptera;Sciaridae;Bradysia pallipes;yes;bra.pal;21;4;1;Fam length: 1-6mm;family;body;1;6;Oosterbroek, P., de Jong, H. & Sijstermans, L. (2005) De Europese families van muggen en vliegen (Diptera). KNNV Uitgeverij, Utrecht.
Animals;Insecta;Diptera;Sphaeroceridae;Leptocera finalis;yes;lep.fin;21;7;1;Fam length: 0,7-5,5mm;family;body;0,7;5,5;Oosterbroek, P., de Jong, H. & Sijstermans, L. (2005) De Europese families van muggen en vliegen (Diptera). KNNV Uitgeverij, Utrecht.
Animals;Insecta;Diptera;Tachinidae;Stomina tachinoides ;yes;sto.tac;21;3;1;Fam length: 2-20mm;family;body;2;20;Oosterbroek, P., de Jong, H. & Sijstermans, L. (2005) De Europese families van muggen en vliegen (Diptera). KNNV Uitgeverij, Utrecht.
Animals;Insecta;Hymenoptera;Braconidae;Falciconus pseudoplatani;yes;fal.pse;21;3;1;NA;NA;NA;NA;NA;Not found
Animals;Insecta;Lepidoptera;Tortricidae;Cydia splendana;yes;cyd.spl;21;2;1;Spec vvl 7-10mm;species;forewing;7;10;Stirling, P., Parsons, M. & Lewington, R. ( 2012) Field guide to the Micro-Moths of Great Britain and Ireland. Britsh Wildlife Publishing, Gillingham.
Animals;Insecta;Coleoptera;Carabidae;Pterostichus niger;yes;pte.nig;20;4;1;Spec length: 15-21mm;species;body;15;21;Boeken, M., Desender, K., Drost, B., van Gijzen, T., Koese, B., Muilwijk, J., Turin, H. & Vermeulen, R. J. (2002) De loopkevers van Nederland & Vlaanderen (Coleoptera: Carabidae). Stichting Jeugdbondsuitgeverij, Utrecht.
Animals;Insecta;Diptera;Cecidomyiidae;Cecidomyiidae sp. BOLD:ACV0652;no;cec.ACV0652;20;2;1;Fam length: 0,5-3mm;family;body;0,5;3;Oosterbroek, P., de Jong, H. & Sijstermans, L. (2005) De Europese families van muggen en vliegen (Diptera). KNNV Uitgeverij, Utrecht.
Animals;Insecta;Diptera;Ceratopogonidae;Forcipomyia nigrans;yes;for.nig;20;6;0;Fam length: 1-5mm;family;body;1;5;Oosterbroek, P., de Jong, H. & Sijstermans, L. (2005) De Europese families van muggen en vliegen (Diptera). KNNV Uitgeverij, Utrecht.
Animals;Insecta;Diptera;Lonchopteridae;Lonchoptera tristis;yes;lon.tri;20;3;1;Fam length: 2-5mm;family;body;2;5;Oosterbroek, P., de Jong, H. & Sijstermans, L. (2005) De Europese families van muggen en vliegen (Diptera). KNNV Uitgeverij, Utrecht.
Animals;Insecta;Diptera;Muscidae;Coenosia albicornis;yes;coe.alb;20;2;1;Genus length: 2-6,5mm;genus;body;2;6,5;D'Assis Fonseca, E. C. M. (1968) Diptera - Cylorrhapha Calyptrata, section (b) Muscidae, Handbooks for the Identification of British Insects Vol. 10 Part IV (a) Royal Entomological Society of London, London, UK.
Animals;Insecta;Diptera;Muscidae;Phaonia subventa;yes;pha.sub;20;13;0;Genus length: 4,75-12mm;genus;body;4,75;12;D'Assis Fonseca, E. C. M. (1968) Diptera - Cylorrhapha Calyptrata, section (b) Muscidae, Handbooks for the Identification of British Insects Vol. 10 Part IV (a) Royal Entomological Society of London, London, UK.
Animals;Insecta;Diptera;Phoridae;Phoridae sp. BOLD:ACR3543;no;pho.ACR3543;20;3;1;Fam length: 0,5-6mm;family;body;0,5;6;Oosterbroek, P., de Jong, H. & Sijstermans, L. (2005) De Europese families van muggen en vliegen (Diptera). KNNV Uitgeverij, Utrecht.
Animals;Insecta;Diptera;Sphaeroceridae;Minilimosina fungicola;yes;min.fun;20;5;1;Fam length: 0,7-5,5mm;family;body;0,7;5,5;Oosterbroek, P., de Jong, H. & Sijstermans, L. (2005) De Europese families van muggen en vliegen (Diptera). KNNV Uitgeverij, Utrecht.
Animals;Insecta;Diptera;Syrphidae;Dasysyrphus albostriatus;yes;das.alb;20;1;1;Spec length: 8-10,5mm;species;body;8;10,5;van Veen, M. P. (2004) Hoverflies of Northwest Europe: Identification keys to the Syrphidae. KNNV Publishing, Zeist.
Animals;Insecta;Diptera;Tachinidae;Hemyda vittata ;yes;hem.vit;20;2;1;Spec length: 8-10mm;species;body;8;10;Zeegers, T. (1992) Tabel voor de grotere sluipvliegen en horzels van Nederland. Jeugdbondsuitgeverij, Utrecht.
Animals;Insecta;Lepidoptera;Schreckensteiniidae;Schreckensteinia festaliella;yes;sch.fes;20;3;0;Spec vvl 4,5-5,5mm;species;forewing;4,5;5,5;Stirling, P., Parsons, M. & Lewington, R. ( 2012) Field guide to the Micro-Moths of Great Britain and Ireland. Britsh Wildlife Publishing, Gillingham.
Animals;Insecta;Psocodea;Ectopsocidae;Ectopsocus briggsi;yes;ect.bri;20;6;1;NA;NA;NA;NA;NA;Not found
Animals;Insecta;Diptera;Cecidomyiidae;CecidInt16 sp. BOLD:ACR4496;no;cec.ACR4496;19;1;1;Fam length: 0,5-3mm;family;body;0,5;3;Oosterbroek, P., de Jong, H. & Sijstermans, L. (2005) De Europese families van muggen en vliegen (Diptera). KNNV Uitgeverij, Utrecht.
Animals;Insecta;Diptera;Cecidomyiidae;CecidInt5 sp. BOLD:ACK5835;no;cec.ACK5835;19;3;0;Fam length: 0,5-3mm;family;body;0,5;3;Oosterbroek, P., de Jong, H. & Sijstermans, L. (2005) De Europese families van muggen en vliegen (Diptera). KNNV Uitgeverij, Utrecht.
Animals;Insecta;Diptera;Dolichopodidae;Rhaphium caliginosum;yes;rha.cal;19;1;1;Fam length: 1-9mm;family;body;1;9;Oosterbroek, P., de Jong, H. & Sijstermans, L. (2005) De Europese families van muggen en vliegen (Diptera). KNNV Uitgeverij, Utrecht.
Animals;Insecta;Diptera;Phoridae;Phoridae sp. BOLD:ACY8312;no;pho.ACY8312;19;1;1;Fam length: 0,5-6mm;family;body;0,5;6;Oosterbroek, P., de Jong, H. & Sijstermans, L. (2005) De Europese families van muggen en vliegen (Diptera). KNNV Uitgeverij, Utrecht.
Animals;Insecta;Diptera;Sciaridae;Sciaridae sp. BOLD:ACP6710;no;sci.ACP6710;19;3;1;Fam length: 1-6mm;family;body;1;6;Oosterbroek, P., de Jong, H. & Sijstermans, L. (2005) De Europese families van muggen en vliegen (Diptera). KNNV Uitgeverij, Utrecht.
Animals;Insecta;Diptera;Anthomyiidae;Heterostylodes obscurus;yes;het.obs;18;7;0;Fam length: 4-12mm;family;body;4;12;Oosterbroek, P., de Jong, H. & Sijstermans, L. (2005) De Europese families van muggen en vliegen (Diptera). KNNV Uitgeverij, Utrecht.
Animals;Insecta;Diptera;Cecidomyiidae;CecidInt24 sp. BOLD:ACC1469;no;cec.ACC1469;18;1;1;Fam length: 0,5-3mm;family;body;0,5;3;Oosterbroek, P., de Jong, H. & Sijstermans, L. (2005) De Europese families van muggen en vliegen (Diptera). KNNV Uitgeverij, Utrecht.
Animals;Insecta;Diptera;Chloropidae;Elachiptera tuberculifera;yes;ela.tub;18;1;1;Fam lenght: 1-4mm;family;body;1;4;Oosterbroek, P., de Jong, H. & Sijstermans, L. (2005) De Europese families van muggen en vliegen (Diptera). KNNV Uitgeverij, Utrecht.
Animals;Insecta;Diptera;Phoridae;Megaselia rufa;yes;meg.ruf;18;3;0;Fam length: 0,5-6mm;family;body;0,5;6;Oosterbroek, P., de Jong, H. & Sijstermans, L. (2005) De Europese families van muggen en vliegen (Diptera). KNNV Uitgeverij, Utrecht.
Animals;Insecta;Hymenoptera;Ichneumonidae;Ichneumonidae sp. BOLD:ABV3623;no;ich.ABV3623;18;1;1;NA;NA;NA;NA;NA;Not found
Animals;Insecta;Hymenoptera;Ichneumonidae;Syrphophilus tricinctorius;yes;syr.tri;18;2;1;NA;NA;NA;NA;NA;Not found
Animals;Insecta;Psocodea;Psocidae;Loensia variegata;yes;loe.var;18;8;0;NA;NA;NA;NA;NA;Not found
Animals;Insecta;Coleoptera;Carabidae;Amara familiaris;yes;ama.fam;17;1;1;Spec length: 5,5-7,5mm;species;body;5,5;7,5;Boeken, M., Desender, K., Drost, B., van Gijzen, T., Koese, B., Muilwijk, J., Turin, H. & Vermeulen, R. J. (2002) De loopkevers van Nederland & Vlaanderen (Coleoptera: Carabidae). Stichting Jeugdbondsuitgeverij, Utrecht.
Animals;Insecta;Coleoptera;Curculionidae;Polydrusus formosus;yes;pol.for;17;2;1;NA;NA;NA;NA;NA;Not found
Animals;Insecta;Coleoptera;Staphylinidae;Tachinus laticollis;yes;tac.lat;17;9;0;Spec length: <5mm;species;body;NA;5;Freude, H., Harde, K. W. & Lohse, G. A. (1964) Die Käfer Mitteleuropas, Bd. 4: Staphylinidae I (Micropeplinae bis Tachyporinae). Goecke & Evers Verlag, Krefeld.
Animals;Insecta;Diptera;Mycetophilidae;Mycomya winnertzi;yes;myc.win;17;3;1;Fam length: 4-8mm;family;body;4;8;Oosterbroek, P., de Jong, H. & Sijstermans, L. (2005) De Europese families van muggen en vliegen (Diptera). KNNV Uitgeverij, Utrecht.
Animals;Insecta;Diptera;Phoridae;Megaselia sp. BOLD:ABA6998;no;meg.ABA6998;17;2;1;Fam length: 0,5-6mm;family;body;0,5;6;Oosterbroek, P., de Jong, H. & Sijstermans, L. (2005) De Europese families van muggen en vliegen (Diptera). KNNV Uitgeverij, Utrecht.
Animals;Insecta;Hymenoptera;Ichneumonidae;Campoplex tibialis;yes;cam.tib;17;3;1;NA;NA;NA;NA;NA;Not found
Animals;Insecta;Hymenoptera;Ichneumonidae;Ichneumonidae sp. BOLD:AAG0380;no;ich.AAG0380;17;3;1;NA;NA;NA;NA;NA;Not found
Animals;Insecta;Lepidoptera;Geometridae;Campaea margaritaria;yes;cam.mar;17;6;0;Spec vvl 18-26mm;species;forewing;18;26;Waring, P. & Townsend, M. (2015) Nachtvlinders: de nieuwe veldgids voor Nederland en België. Kosmos Uitgevers, Utrecht/Antwerpen.
Animals;Insecta;Coleoptera;Curculionidae;Dryocoetes villosus;yes;dry.vil;16;2;1;Spec length: 2,5-3,5mm;species;body;2,5;3,5;Duffy, E. A. J. (1953) Coleoptera Scolytidae and Platypodidae, Handbooks for the Identification of British Insects Vol. 5 Part XV. Royal Entomological Society of London, London, UK.
Animals;Insecta;Diptera;Anthomyiidae;Heterostylodes nominabilis;yes;het.nom;16;3;1;Fam length: 4-12mm;family;body;4;12;Oosterbroek, P., de Jong, H. & Sijstermans, L. (2005) De Europese families van muggen en vliegen (Diptera). KNNV Uitgeverij, Utrecht.
Animals;Insecta;Diptera;Ceratopogonidae;Forcipomyia sp. BOLD:ACG5310;no;for.ACG5310;16;2;1;Fam length: 1-5mm;family;body;1;5;Oosterbroek, P., de Jong, H. & Sijstermans, L. (2005) De Europese families van muggen en vliegen (Diptera). KNNV Uitgeverij, Utrecht.
Animals;Insecta;Diptera;Hybotidae;Hybos femoratus;yes;hyb.fem;16;2;1;Spec length: 3,5-4,5mm;species;body;3,5;4,5;van der Groot, V. S. (1990) Dansvliegen: determineertabel voor de wat grotere soorten van het geslacht EMPIS in de Benelux. Jeugdbondsuitgeverij, Utrecht.
Animals;Insecta;Diptera;Phoridae;Phoridae sp. BOLD:ACO8325;no;pho.ACO8325;16;6;1;Fam length: 0,5-6mm;family;body;0,5;6;Oosterbroek, P., de Jong, H. & Sijstermans, L. (2005) De Europese families van muggen en vliegen (Diptera). KNNV Uitgeverij, Utrecht.
Animals;Insecta;Psocodea;Peripsocidae;Peripsocus subfasciatus;yes;per.sub;16;3;0;NA;NA;NA;NA;NA;Not found
Animals;Insecta;Coleoptera;Staphylinidae;Philhygra palustris;yes;phi.pal;15;7;0;Spec length: 2-2,9mm;species;body;2;2,9;Freude, H., Harde, K. W. & Lohse, G. A. (1974) Die Käfer Mitteleuropas, Bd. 5: Staphylinidae II (Hypocyphlinae und Aleocharinae), Pselaphidae. Goecke & Evers Verlag, Krefeld.
Animals;Insecta;Diptera;Cecidomyiidae;Feltiella acarisuga;yes;fel.aca;15;6;0;Fam length: 0,5-3mm;family;body;0,5;3;Oosterbroek, P., de Jong, H. & Sijstermans, L. (2005) De Europese families van muggen en vliegen (Diptera). KNNV Uitgeverij, Utrecht.
Animals;Insecta;Diptera;Chironomidae;Psectrotanypus varius;yes;pse.var;15;1;1;Fam length: 1-10mm;family;body;1;10;Oosterbroek, P., de Jong, H. & Sijstermans, L. (2005) De Europese families van muggen en vliegen (Diptera). KNNV Uitgeverij, Utrecht.
Animals;Insecta;Diptera;Cylindrotomidae;Cylindrotoma distinctissima;yes;cyl.dis;15;4;1;Fam length: 11-16mm;family;body;11;16;Oosterbroek, P., de Jong, H. & Sijstermans, L. (2005) De Europese families van muggen en vliegen (Diptera). KNNV Uitgeverij, Utrecht.
Animals;Insecta;Diptera;Dolichopodidae;Chrysotus femoratus;yes;chr.fem;15;4;0;Fam length: 1-9mm;family;body;1;9;Oosterbroek, P., de Jong, H. & Sijstermans, L. (2005) De Europese families van muggen en vliegen (Diptera). KNNV Uitgeverij, Utrecht.
Animals;Insecta;Diptera;Ephydridae;Limnellia quadrata;yes;lim.qua;15;2;1;Fam length: 1-12mm;family;body;1;12;Oosterbroek, P., de Jong, H. & Sijstermans, L. (2005) De Europese families van muggen en vliegen (Diptera). KNNV Uitgeverij, Utrecht.
Animals;Insecta;Diptera;Odiniidae;Odinia betulae;yes;odi.bet;15;3;1;Fam length: 2-5mm;family;body;2;5;Oosterbroek, P., de Jong, H. & Sijstermans, L. (2005) De Europese families van muggen en vliegen (Diptera). KNNV Uitgeverij, Utrecht.
Animals;Insecta;Diptera;Phoridae;Megaselia pulicaria complex;yes;meg.com;15;6;0;Fam length: 0,5-6mm;family;body;0,5;6;Oosterbroek, P., de Jong, H. & Sijstermans, L. (2005) De Europese families van muggen en vliegen (Diptera). KNNV Uitgeverij, Utrecht.
Animals;Insecta;Diptera;Sciaridae;Bradysia sp. BOLD:ACO9577;no;bra.ACO9577;15;1;1;Fam length: 1-6mm;family;body;1;6;Oosterbroek, P., de Jong, H. & Sijstermans, L. (2005) De Europese families van muggen en vliegen (Diptera). KNNV Uitgeverij, Utrecht.
Animals;Insecta;Hymenoptera;Ichneumonidae;Ichneumonidae sp.BOLD:ACP3319;no;ich.ACP3319;15;4;0;NA;NA;NA;NA;NA;Not found
Animals;Insecta;Hymenoptera;Tenthredinidae;Selandria serva;yes;sel.ser;15;2;1;Spec length: 6-8mm;species;body;6;8;Benson, R. B. (1952) Hymenoptera Symphyta, Handbooks for the Identification of British Insects Vol. 6 Part II (a). Royal Entomological Society of London, London, UK.
Animals;Insecta;Lepidoptera;Noctuidae;Colocasia coryli;yes;col.cor;15;2;1;Spec vvl: 14-17mm;species;forewing;14;17;Waring, P. & Townsend, M. (2015) Nachtvlinders: de nieuwe veldgids voor Nederland en België. Kosmos Uitgevers, Utrecht/Antwerpen.
Animals;Insecta;Neuroptera;Hemerobiidae;Micromus angulatus;yes;mic.ang;15;3;1;Spec length: 11-15mm;species;body;11;15;Fraser, F. C. (1959) Mecoptera Megaloptera Neuroptera, Handbooks for the Identification of British Insects Vol. 1 Parts XII and XIII. Royal Entomological Society of London, London, UK.
Animals;Insecta;Diptera;Agromyzidae;Agromyza mobilis;yes;agr.mob;14;2;1;Spec vl length: 2,7-3mm;species;wing;2,7;3;Spencer, K. Q. (1972) Diptera - Agromyzidae, Handbooks for the Identification of British Insects Vol. 10 Part V (g). Royal Entomological Society of London, London, UK.
Animals;Insecta;Diptera;Cecidomyiidae;CecidInt43 sp. BOLD:ACL8421;no;cec.ACL8421;14;3;1;Fam length: 0,5-3mm;family;body;0,5;3;Oosterbroek, P., de Jong, H. & Sijstermans, L. (2005) De Europese families van muggen en vliegen (Diptera). KNNV Uitgeverij, Utrecht.
Animals;Insecta;Diptera;Muscidae;Helina flavisquama;yes;hel.fla;14;3;1;Genus length: 4,75-9,5mm;genus;body;4,75;9,5;D'Assis Fonseca, E. C. M. (1968) Diptera - Cylorrhapha Calyptrata, section (b) Muscidae, Handbooks for the Identification of British Insects Vol. 10 Part IV (a) Royal Entomological Society of London, London, UK.
Animals;Insecta;Diptera;Mycetophilidae;Mycetophila perpallida;yes;myc.per;14;3;1;Fam length: 4-8mm;family;body;4;8;Oosterbroek, P., de Jong, H. & Sijstermans, L. (2005) De Europese families van muggen en vliegen (Diptera). KNNV Uitgeverij, Utrecht.
Animals;Insecta;Diptera;NA;Diptera sp. BOLD:ACP8436;no;dip.ACP8436;14;4;0;NA;NA;NA;NA;NA;Impossible
Animals;Insecta;Diptera;Phoridae;Megaselia sp. BOLD:AAU5599;no;meg.AAU5599;14;2;1;Fam length: 0,5-6mm;family;body;0,5;6;Oosterbroek, P., de Jong, H. & Sijstermans, L. (2005) De Europese families van muggen en vliegen (Diptera). KNNV Uitgeverij, Utrecht.
Animals;Insecta;Hymenoptera;Argidae;Aproceros leucopoda;yes;apr.leu;14;1;1;Superfam length <11mm;superfamily;body;NA;11;Richards, O. W. (1956) Hymenoptera Introducion and key to families (2nd edition), Handbooks for the Identification of British Insects Vol. 6 Part I. Royal Entomological Society of London, London, UK.
Animals;Insecta;Lepidoptera;Choreutidae;Anthophila fabriciana;yes;ant.fab;14;2;1;Spec vvl 5-7mm;species;forewing;5;7;Stirling, P., Parsons, M. & Lewington, R. ( 2012) Field guide to the Micro-Moths of Great Britain and Ireland. Britsh Wildlife Publishing, Gillingham.
Animals;Insecta;Lepidoptera;Erebidae;Scoliopteryx libatrix;yes;sco.lib;14;2;1;Spec vvl 19-23mm;species;forewing;19;23;Waring, P. & Townsend, M. (2015) Nachtvlinders: de nieuwe veldgids voor Nederland en België. Kosmos Uitgevers, Utrecht/Antwerpen.
Animals;Insecta;Lepidoptera;Pieridae;Colias hecla;yes;col.hec;14;3;0;Spec vvl 20-23mm;species;forewing;20;23;Higgins, L. G. & Riley, N. D. (1980) Field Guide to the Butterflies of Britain and Europe. 4th edn, Collins, London
Animals;Insecta;Psocodea;Ectopsocidae;Ectopsocus californicus;yes;ect.cal;14;5;0;NA;NA;NA;NA;NA;Not found
Animals;Insecta;Coleoptera;Coccinellidae;Propylaea quatuordecimpunctata;yes;pro.qua;13;4;1;Spec length: 3,5-4,5mm;species;body;3,5;4,5;Freude, H., Harde, K. W. & Lohse, G. A. (1967) Die Käfer Mitteleuropas, Bd. 7: Clavicornia. Goecke & Evers Verlag, Krefeld.
Animals;Insecta;Coleoptera;Endomychidae;Endomychus coccineus;yes;end.coc;13;1;1;NA;NA;NA;NA;NA;Not found
Animals;Insecta;Coleoptera;Nitidulidae;Lamiogethes morosus;yes;lam.mor;13;7;0;Spec length: 1,8-2,3 mm;species;body;1,8;2,3;Freude, H., Harde, K. W. & Lohse, G. A. (1967) Die Käfer Mitteleuropas, Bd. 7: Clavicornia. Goecke & Evers Verlag, Krefeld.
Animals;Insecta;Diptera;Cecidomyiidae;CecidInt34 sp. BOLD:ABV0498;no;cec.ABV0498;13;2;0;Fam length: 0,5-3mm;family;body;0,5;3;Oosterbroek, P., de Jong, H. & Sijstermans, L. (2005) De Europese families van muggen en vliegen (Diptera). KNNV Uitgeverij, Utrecht.
Animals;Insecta;Diptera;Dolichopodidae;Dolichopus genualis;yes;dol.gen;13;2;1;Fam length: 1-9mm;family;body;1;9;Oosterbroek, P., de Jong, H. & Sijstermans, L. (2005) De Europese families van muggen en vliegen (Diptera). KNNV Uitgeverij, Utrecht.
Animals;Insecta;Diptera;Muscidae;Limnophora triangula;yes;lim.tri;13;3;1;Spec length: 2,75-4,75mm;species;body;2,75;4,75;D'Assis Fonseca, E. C. M. (1968) Diptera - Cylorrhapha Calyptrata, section (b) Muscidae, Handbooks for the Identification of British Insects Vol. 10 Part IV (a) Royal Entomological Society of London, London, UK.
Animals;Insecta;Diptera;Phoridae;Phoridae sp. BOLD:ABW5554;no;pho.ABW5554;13;1;1;Fam length: 0,5-6mm;family;body;0,5;6;Oosterbroek, P., de Jong, H. & Sijstermans, L. (2005) De Europese families van muggen en vliegen (Diptera). KNNV Uitgeverij, Utrecht.
Animals;Insecta;Diptera;Sciaridae;Claustropyga heteroclausa;yes;cla.het;13;1;1;Fam length: 1-6mm;family;body;1;6;Oosterbroek, P., de Jong, H. & Sijstermans, L. (2005) De Europese families van muggen en vliegen (Diptera). KNNV Uitgeverij, Utrecht.
Animals;Insecta;Diptera;Sciaridae;Epidapus absconditus;yes;epi.abs;13;2;1;Fam length: 1-6mm;family;body;1;6;Oosterbroek, P., de Jong, H. & Sijstermans, L. (2005) De Europese families van muggen en vliegen (Diptera). KNNV Uitgeverij, Utrecht.
Animals;Insecta;Hymenoptera;Ichneumonidae;Gnathochorisis dentifer;yes;gna.den;13;1;1;NA;NA;NA;NA;NA;Not found
Animals;Insecta;Coleoptera;Attelabidae;Byctiscus betulae;yes;byc.bet;12;1;1;NA;NA;NA;NA;NA;Not found
Animals;Insecta;Coleoptera;Staphylinidae;Philonthus micans;yes;phi.mic;12;5;0;Spec length: 5-7mm;species;body;5;7;Freude, H., Harde, K. W. & Lohse, G. A. (1964) Die Käfer Mitteleuropas, Bd. 4: Staphylinidae I (Micropeplinae bis Tachyporinae). Goecke & Evers Verlag, Krefeld.
Animals;Insecta;Diptera;Agromyzidae;Phytomyza ranunculi;yes;phy.ran;12;1;1;Spec vl length: 2,4-3,2mm;species;wing;2,4;3,2;Spencer, K. Q. (1972) Diptera - Agromyzidae, Handbooks for the Identification of British Insects Vol. 10 Part V (g). Royal Entomological Society of London, London, UK.
Animals;Insecta;Diptera;Anthomyiidae;Lasiomma seminitidum;yes;las.sem;12;1;1;Fam length: 4-12mm;family;body;4;12;Oosterbroek, P., de Jong, H. & Sijstermans, L. (2005) De Europese families van muggen en vliegen (Diptera). KNNV Uitgeverij, Utrecht.
Animals;Insecta;Diptera;Clusiidae;ClusidInt1 sp. BOLD:ACR0822;no;clu.ACR0822;12;4;0;Fam length:1,5-8mm;family;body;1,5;8;Oosterbroek, P., de Jong, H. & Sijstermans, L. (2005) De Europese families van muggen en vliegen (Diptera). KNNV Uitgeverij, Utrecht.
Animals;Insecta;Diptera;Phoridae;Megaselia sp. BOLD:ABV3315;no;meg.ABV3315;12;3;1;Fam length: 0,5-6mm;family;body;0,5;6;Oosterbroek, P., de Jong, H. & Sijstermans, L. (2005) De Europese families van muggen en vliegen (Diptera). KNNV Uitgeverij, Utrecht.
Animals;Insecta;Diptera;Phoridae;Phoridae sp. BOLD:ACM7298;no;pho.ACM7298;12;1;1;Fam length: 0,5-6mm;family;body;0,5;6;Oosterbroek, P., de Jong, H. & Sijstermans, L. (2005) De Europese families van muggen en vliegen (Diptera). KNNV Uitgeverij, Utrecht.
Animals;Insecta;Diptera;Phoridae;Phoridae sp. BOLD:ACR0991;no;pho.ACR0991;12;2;1;Fam length: 0,5-6mm;family;body;0,5;6;Oosterbroek, P., de Jong, H. & Sijstermans, L. (2005) De Europese families van muggen en vliegen (Diptera). KNNV Uitgeverij, Utrecht.
Animals;Insecta;Hymenoptera;Ichneumonidae;Olesicampe patellana;yes;ole.pat;12;2;1;NA;NA;NA;NA;NA;Not found
Animals;Insecta;Diptera;Cecidomyiidae;CecidInt32 sp. BOLD:ACG5291;no;cec.ACG5291;11;1;1;Fam length: 0,5-3mm;family;body;0,5;3;Oosterbroek, P., de Jong, H. & Sijstermans, L. (2005) De Europese families van muggen en vliegen (Diptera). KNNV Uitgeverij, Utrecht.
Animals;Insecta;Diptera;Phoridae;PhorIntGen109 sp. BOLD:ACY5078;no;pho.ACY5078;11;4;0;Fam length: 0,5-6mm;family;body;0,5;6;Oosterbroek, P., de Jong, H. & Sijstermans, L. (2005) De Europese families van muggen en vliegen (Diptera). KNNV Uitgeverij, Utrecht.
Animals;Insecta;Diptera;Tachinidae;Carcelia bombylans;yes;car.bom;11;1;1;Spec length: 7-9mm;species;body;7;9;van Emden, F. I. (1954) Diptera – Cyclorrhapha Calyptrata (1) Section (a), Handbooks for the Identification of British Insects Vol. 10 Part IV (a). Royal Entomological Society of London, London, UK.
Animals;Insecta;Diptera;Tachinidae;Medina luctuosa;yes;med.luc;11;1;1;Spec length: 3,4-5,5mm;species;body;3,4;5,5;van Emden, F. I. (1954) Diptera – Cyclorrhapha Calyptrata (1) Section (a), Handbooks for the Identification of British Insects Vol. 10 Part IV (a). Royal Entomological Society of London, London, UK.
Animals;Insecta;Hymenoptera;Ichneumonidae;Plectiscidea jft06;no;ple.jft;11;5;0;NA;NA;NA;NA;NA;Not found
Animals;Insecta;Coleoptera;Staphylinidae;Aleochara bipustulata;yes;ale.bip;10;4;0;Spec length: 2-4,5mm;species;body;2;4,5;Freude, H., Harde, K. W. & Lohse, G. A. (1974) Die Käfer Mitteleuropas, Bd. 5: Staphylinidae II (Hypocyphlinae und Aleocharinae), Pselaphidae. Goecke & Evers Verlag, Krefeld.
Animals;Insecta;Diptera;Cecidomyiidae;CecidInt3 sp. BOLD:ACR2022;no;cec.ACR2022;10;3;0;Fam length: 0,5-3mm;family;body;0,5;3;Oosterbroek, P., de Jong, H. & Sijstermans, L. (2005) De Europese families van muggen en vliegen (Diptera). KNNV Uitgeverij, Utrecht.
Animals;Insecta;Diptera;Muscidae;Phaonia gobertii;yes;pha.gob;10;3;0;Spec length: 6,25-8,5mm;species;body;6,25;8,5;D'Assis Fonseca, E. C. M. (1968) Diptera - Cylorrhapha Calyptrata, section (b) Muscidae, Handbooks for the Identification of British Insects Vol. 10 Part IV (a) Royal Entomological Society of London, London, UK.
Animals;Insecta;Diptera;Mycetophilidae;Cordyla fusca;yes;cor.fus;10;6;0;Fam length: 4-8mm;family;body;4;8;Oosterbroek, P., de Jong, H. & Sijstermans, L. (2005) De Europese families van muggen en vliegen (Diptera). KNNV Uitgeverij, Utrecht.
Animals;Insecta;Diptera;Sphaeroceridae;Spelobia manicata;yes;spe.man;10;1;1;Fam length: 0,7-5,5mm;family;body;0,7;5,5;Oosterbroek, P., de Jong, H. & Sijstermans, L. (2005) De Europese families van muggen en vliegen (Diptera). KNNV Uitgeverij, Utrecht.
Animals;Insecta;Hemiptera;Miridae;Orthops basalis;yes;ort.bas;10;1;1;Spec length: 4,0-5,2mm;species;body;4;5,2;Wachmann, E., Welber, A. & Deckert, J. (2004) Die Tierwelt Deutschlands, 75. Teil: Wanzen, Band 2: Cimicomorpha: Microphysidae (Flechtenwanze), Miridae (Weichwanzen). Goecke & Evers, Keltern.
Animals;Insecta;Hymenoptera;Cynipidae;Neuroterus anthracinus;yes;neu.ant;10;2;0;NA;NA;NA;NA;NA;Not found
Animals;Insecta;Lepidoptera;Nepticulidae;Stigmella tityrella;yes;sti.tit;10;4;0;Genus/Fam vvl 2-3mm;genus;forewing;2;3;Stirling, P., Parsons, M. & Lewington, R. ( 2012) Field guide to the Micro-Moths of Great Britain and Ireland. Britsh Wildlife Publishing, Gillingham.
